{
  "field": "temperature",
  "surfaces": [
    {
      "surface": "vane_wall",
      "count": 59616,
      "min": 509.7876892089844,
      "mean": 1397.764427907353,
      "p95": 1750.8653564453125,
      "max": 4543.5830078125
    }
  ],
  "count": 59616,
  "min": 509.7876892089844,
  "mean": 1397.764427907353,
  "p95": 1750.8653564453125,
  "max": 4543.5830078125
}