{
  "definition": "eta = (Tg_ref - Taw) / (Tg_ref - Tc_ref)",
  "averaging": "face-area weighted using the magnitude of Fluent face-area vectors",
  "Tg_ref_K": 1773.0,
  "Tc_ref_K": 591.0,
  "face_count": 19479,
  "area_m2": 0.0012346486631562461,
  "Taw_area_weighted_K": 1337.1663178971999,
  "eta_bar": 0.36872561937631315,
  "surfaces": [
    {
      "surface": "vane_wall",
      "face_count": 19479,
      "area_m2": 0.0012346486631562461,
      "Taw_area_weighted_K": 1337.1663178971999,
      "eta_area_weighted": 0.36872561937631315
    }
  ],
  "sides": [
    {
      "side": "pressure",
      "face_count": 9669,
      "area_m2": 0.0005550787387112,
      "Taw_area_weighted_K": 1358.6144478918632,
      "eta_area_weighted": 0.3505799933232994
    },
    {
      "side": "suction",
      "face_count": 9810,
      "area_m2": 0.0006795699244450492,
      "Taw_area_weighted_K": 1319.6472951787043,
      "eta_area_weighted": 0.38354712759838483
    }
  ],
  "region": "fixed downstream controllable area",
  "mask": {
    "pressure": "X/Cax >= 0.26530",
    "suction": "X/Cax >= 0.37638"
  },
  "fixed_across_designs": true,
  "note": "Thresholds are frozen at baseline first-variable-row axial stations."
}