{
  "field": "wall-temperature",
  "surfaces": [
    {
      "surface": "vane_wall",
      "count": 59616,
      "min": 509.7876281738281,
      "mean": 1397.9272418966616,
      "p95": 1751.0738525390625,
      "max": 4825.83251953125
    }
  ],
  "count": 59616,
  "min": 509.7876281738281,
  "mean": 1397.9272418966616,
  "p95": 1751.0738525390625,
  "max": 4825.83251953125
}