{
  "field": "y-plus",
  "surfaces": [
    {
      "surface": "vane_wall",
      "count": 59616,
      "min": 0.0689031258225441,
      "mean": 0.5869249710320759,
      "p95": 0.9938014149665833,
      "max": 1.777073621749878
    }
  ],
  "count": 59616,
  "min": 0.0689031258225441,
  "mean": 0.5869249710320759,
  "p95": 0.9938014149665833,
  "max": 1.777073621749878
}