{
  "mesh_in": "E:\\Work\\BOfm\\runs\\nasa_44344\\paper\\c3x_nasa44344_periodic_v2_paper.msh.h5",
  "mesh_out": "E:\\Work\\BOfm\\runs\\nasa_44344\\paper\\c3x_nasa44344_periodic_v2_paper_repaired.msh.h5",
  "quality_limit": 0.03,
  "cores": 8,
  "precision": "double",
  "cell_count": 3776658,
  "before": {
    "Orthogonal Quality": [
      3776658,
      0.006013967844536894,
      0.9999999822495031,
      0.809768161230516,
      0.0,
      0
    ],
    "Skewness": [
      3776658,
      1.039917363332421e-08,
      0.9939860321504598,
      0.1881452314040183,
      0.0,
      0
    ]
  },
  "improve_return": true,
  "after": {
    "Orthogonal Quality": [
      3776658,
      0.02096064593432101,
      0.9999999822495031,
      0.8097674772967484,
      0.0,
      0
    ],
    "Skewness": [
      3776658,
      1.039917363332421e-08,
      0.9790393540648371,
      0.1881241921615788,
      0.0,
      0
    ]
  },
  "mesh_out_exists": true,
  "mesh_out_bytes": 374873320,
  "status": "ok"
}
