{
  "definition": "CFD profile compared at CFD bin centers to linearly interpolated digitized reference",
  "acceptance_is_not_automatic": true,
  "sides": {
    "pressure": {
      "sample_count": 61,
      "overlap_Z_over_D": [
        -7.464788536225615,
        7.4653294407688
      ],
      "eta_mae": 0.2698011082952657,
      "eta_rmse": 0.2857358123015684,
      "eta_max_abs_error": 0.5210386285524942,
      "eta_mean_cfd": 0.27958271560215847,
      "eta_mean_reference": 0.45402985320584915,
      "eta_mean_bias": -0.17444713760369063,
      "shape_correlation": 0.26635071644450975,
      "reference_digitization_eta_uncertainty": 0.015
    },
    "suction": {
      "sample_count": 61,
      "overlap_Z_over_D": [
        -7.462780679978665,
        7.4679597208722575
      ],
      "eta_mae": 0.16564487388924745,
      "eta_rmse": 0.19073979661664806,
      "eta_max_abs_error": 0.3278872331283379,
      "eta_mean_cfd": 0.48947684048904117,
      "eta_mean_reference": 0.32386952225268717,
      "eta_mean_bias": 0.16560731823635397,
      "shape_correlation": 0.7551665762802736,
      "reference_digitization_eta_uncertainty": 0.015
    }
  }
}