{
  "available": true,
  "zones": {
    "inlet": {
      "mass_flow_kg_s": 0.1294276267290115,
      "raw": [
        0.1294276267290115,
        0
      ]
    },
    "outlet": {
      "mass_flow_kg_s": -0.1365772634744644,
      "raw": [
        -0.1365772634744644,
        0
      ]
    },
    "qian": {
      "mass_flow_kg_s": 0.002141448203474283,
      "raw": [
        0.002141448203474283,
        0
      ]
    },
    "ss": {
      "mass_flow_kg_s": 0.003014184767380357,
      "raw": [
        0.003014184767380357,
        0
      ]
    },
    "ps": {
      "mass_flow_kg_s": 0.00199549738317728,
      "raw": [
        0.00199549738317728,
        0
      ]
    }
  },
  "errors": [],
  "reference_targets": {
    "total_target_kg_s": 0.0,
    "zones": {}
  },
  "constraints": {
    "coolant_actual_kg_s": 0.00715113035403192,
    "coolant_target_kg_s": 0.0,
    "coolant_mass_flow_ratio": null,
    "mass_imbalance_kg_s": 1.49360857903914e-06,
    "zones": {
      "qian": {
        "actual_kg_s": 0.002141448203474283,
        "target_kg_s": null,
        "actual_over_target": null
      },
      "ss": {
        "actual_kg_s": 0.003014184767380357,
        "target_kg_s": null,
        "actual_over_target": null
      },
      "ps": {
        "actual_kg_s": 0.00199549738317728,
        "target_kg_s": null,
        "actual_over_target": null
      }
    }
  }
}