{
  "field": "temperature",
  "surfaces": [
    {
      "surface": "vane_wall",
      "count": 52679,
      "min": 461.8203430175781,
      "mean": 1343.5672149927584,
      "p95": 1766.56591796875,
      "max": 1779.0595703125
    }
  ],
  "count": 52679,
  "min": 461.8203430175781,
  "mean": 1343.5672149927584,
  "p95": 1766.56591796875,
  "max": 1779.0595703125
}