{
  "definition": "eta = (Tg_ref - Taw) / (Tg_ref - Tc_ref)",
  "averaging": "face-area weighted using the magnitude of Fluent face-area vectors",
  "Tg_ref_K": 1773.0,
  "Tc_ref_K": 591.0,
  "face_count": 25978,
  "area_m2": 0.001579191160828331,
  "Taw_area_weighted_K": 1296.883159278954,
  "eta_bar": 0.40280612582153924,
  "surfaces": [
    {
      "surface": "vane_wall",
      "face_count": 25978,
      "area_m2": 0.001579191160828331,
      "Taw_area_weighted_K": 1296.883159278954,
      "eta_area_weighted": 0.40280612582153924
    }
  ],
  "sides": [
    {
      "side": "pressure",
      "face_count": 12827,
      "area_m2": 0.0007029150109835081,
      "Taw_area_weighted_K": 1380.8861832980508,
      "eta_area_weighted": 0.33173757758201516
    },
    {
      "side": "suction",
      "face_count": 13151,
      "area_m2": 0.0008762761498448294,
      "Taw_area_weighted_K": 1229.4991655898605,
      "eta_area_weighted": 0.45981458071923825
    }
  ],
  "lateral_profiles": {
    "pressure_X_over_Cax_0p31": {
      "rows": 61,
      "path": "eta_lateral_ps_xcax_0p31.csv",
      "tolerance": 0.01
    },
    "suction_X_over_Cax_0p48": {
      "rows": 41,
      "path": "eta_lateral_ss_xcax_0p48.csv",
      "tolerance": 0.01
    }
  }
}