{
  "field": "y-plus",
  "surfaces": [
    {
      "surface": "vane_wall",
      "count": 52679,
      "min": 0.07896070182323456,
      "mean": 3.5236601298393313,
      "p95": 6.5473833084106445,
      "max": 8.391889572143555
    }
  ],
  "count": 52679,
  "min": 0.07896070182323456,
  "mean": 3.5236601298393313,
  "p95": 6.5473833084106445,
  "max": 8.391889572143555
}