{
  "field": "wall-temperature",
  "surfaces": [
    {
      "surface": "vane_wall",
      "count": 52679,
      "min": 461.8203125,
      "mean": 1343.6121858700244,
      "p95": 1766.5859375,
      "max": 1779.0595703125
    }
  ],
  "count": 52679,
  "min": 461.8203125,
  "mean": 1343.6121858700244,
  "p95": 1766.5859375,
  "max": 1779.0595703125
}