{
  "reference": "NASA CR-182133 Table VII, Ma2=0.90 column",
  "normalization": "CFD static pressure / inlet total pressure (285130 Pa)",
  "span_averaging": "face-area weighted within +/-0.5% surface distance",
  "point_count": 29,
  "mae": 0.026721420436411875,
  "rmse": 0.03913887391359833,
  "max_abs_error": 0.1238752439269784,
  "sides": {
    "pressure": {
      "point_count": 12,
      "mae": 0.005805614065015359,
      "rmse": 0.008918517848105247,
      "max_abs_error": 0.02326045636067975
    },
    "suction": {
      "point_count": 17,
      "mae": 0.0414855190515153,
      "rmse": 0.050566911151712524,
      "max_abs_error": 0.1238752439269784
    }
  }
}