{
  "field": "temperature",
  "surfaces": [
    {
      "surface": "vane_wall",
      "count": 74092,
      "min": 484.38201904296875,
      "mean": 656.3375185949141,
      "p95": 700.2932739257812,
      "max": 887.9058837890625
    }
  ],
  "count": 74092,
  "min": 484.38201904296875,
  "mean": 656.3375185949141,
  "p95": 700.2932739257812,
  "max": 887.9058837890625
}