{
  "field": "wall-temperature",
  "surfaces": [
    {
      "surface": "vane_wall",
      "count": 74092,
      "min": 481.2613525390625,
      "mean": 656.335375434848,
      "p95": 700.2914428710938,
      "max": 862.2286987304688
    }
  ],
  "count": 74092,
  "min": 481.2613525390625,
  "mean": 656.335375434848,
  "p95": 700.2914428710938,
  "max": 862.2286987304688
}