{
  "field": "y-plus",
  "surfaces": [
    {
      "surface": "vane_wall",
      "count": 74092,
      "min": 0.004997286945581436,
      "mean": 0.4317496153824981,
      "p95": 1.1070618629455566,
      "max": 1.6195837259292603
    }
  ],
  "count": 74092,
  "min": 0.004997286945581436,
  "mean": 0.4317496153824981,
  "p95": 1.1070618629455566,
  "max": 1.6195837259292603
}