{
  "SS1_s": 0.249022565,
  "SS2_s": 0.270977435,
  "PS1_s": 0.210838936,
  "PS2_s": 0.239161064,
  "suction_angle_deg": 35.0,
  "pressure_angle_deg": 20.0
}