{
  "field": "temperature",
  "surfaces": [
    {
      "surface": "vane_wall",
      "count": 50514,
      "min": 466.3912353515625,
      "mean": 646.8524979162694,
      "p95": 700.3358154296875,
      "max": 700.9913330078125
    }
  ],
  "count": 50514,
  "min": 466.3912353515625,
  "mean": 646.8524979162694,
  "p95": 700.3358154296875,
  "max": 700.9913330078125
}