{
  "field": "wall-temperature",
  "surfaces": [
    {
      "surface": "vane_wall",
      "count": 50514,
      "min": 466.3912353515625,
      "mean": 646.8792467426554,
      "p95": 700.343505859375,
      "max": 700.9913330078125
    }
  ],
  "count": 50514,
  "min": 466.3912353515625,
  "mean": 646.8792467426554,
  "p95": 700.343505859375,
  "max": 700.9913330078125
}