{
  "field": "y-plus",
  "surfaces": [
    {
      "surface": "vane_wall",
      "count": 50514,
      "min": 0.0777813196182251,
      "mean": 4.342310197709942,
      "p95": 8.467696189880371,
      "max": 11.56072998046875
    }
  ],
  "count": 50514,
  "min": 0.0777813196182251,
  "mean": 4.342310197709942,
  "p95": 8.467696189880371,
  "max": 11.56072998046875
}