{
  "SS1_s": 0.24582269332109422,
  "SS2_s": 0.2609603708037052,
  "PS1_s": 0.20367876502015955,
  "PS2_s": 0.2370455153797785,
  "suction_angle_deg": 32.247661510166395,
  "pressure_angle_deg": 23.44462505559308,
  "diameter_mm": 0.9624165317496627,
  "span_count": 5
}