{
  "reference": "NASA CR-182133 Table VII, Ma2=0.90 column",
  "normalization": "CFD static pressure / inlet total pressure (285130 Pa)",
  "span_averaging": "face-area weighted within +/-0.5% surface distance",
  "point_count": 29,
  "mae": 0.028557302090490563,
  "rmse": 0.04180483568102312,
  "max_abs_error": 0.13183247886136856,
  "sides": {
    "pressure": {
      "point_count": 12,
      "mae": 0.006185955619670262,
      "rmse": 0.009328464382199782,
      "max_abs_error": 0.026248840984776867
    },
    "suction": {
      "point_count": 17,
      "mae": 0.04434884077577548,
      "rmse": 0.05403563167046424,
      "max_abs_error": 0.13183247886136856
    }
  }
}