{
  "field": "temperature",
  "surfaces": [
    {
      "surface": "vane_wall",
      "count": 74092,
      "min": 493.1534729003906,
      "mean": 658.8917879754264,
      "p95": 700.1409912109375,
      "max": 872.1141967773438
    }
  ],
  "count": 74092,
  "min": 493.1534729003906,
  "mean": 658.8917879754264,
  "p95": 700.1409912109375,
  "max": 872.1141967773438
}