{
  "definition": "eta = (Tg_ref - Taw) / (Tg_ref - Tc_ref)",
  "averaging": "face-area weighted using the magnitude of Fluent face-area vectors",
  "Tg_ref_K": 701.0,
  "Tc_ref_K": 593.6263151083753,
  "face_count": 36751,
  "area_m2": 0.001585575265656432,
  "Taw_area_weighted_K": 652.8062111457531,
  "eta_bar": 0.4488417148288708,
  "surfaces": [
    {
      "surface": "vane_wall",
      "face_count": 36751,
      "area_m2": 0.001585575265656432,
      "Taw_area_weighted_K": 652.8062111457531,
      "eta_area_weighted": 0.4488417148288708
    }
  ],
  "sides": [
    {
      "side": "pressure",
      "face_count": 18828,
      "area_m2": 0.0007079104313997281,
      "Taw_area_weighted_K": 661.1556253986421,
      "eta_area_weighted": 0.3710813747481173
    },
    {
      "side": "suction",
      "face_count": 17923,
      "area_m2": 0.0008776648342567069,
      "Taw_area_weighted_K": 646.0717070218493,
      "eta_area_weighted": 0.5115619626316347
    }
  ],
  "lateral_profiles": {
    "pressure_X_over_Cax_0p31": {
      "rows": 61,
      "path": "eta_lateral_ps_xcax_0p31.csv",
      "tolerance": 0.01
    },
    "suction_X_over_Cax_0p48": {
      "rows": 61,
      "path": "eta_lateral_ss_xcax_0p48.csv",
      "tolerance": 0.01
    }
  }
}