{
  "field": "wall-temperature",
  "surfaces": [
    {
      "surface": "vane_wall",
      "count": 74092,
      "min": 493.15350341796875,
      "mean": 658.8952234362201,
      "p95": 700.1422119140625,
      "max": 829.1809692382812
    }
  ],
  "count": 74092,
  "min": 493.15350341796875,
  "mean": 658.8952234362201,
  "p95": 700.1422119140625,
  "max": 829.1809692382812
}