{
  "field": "y-plus",
  "surfaces": [
    {
      "surface": "vane_wall",
      "count": 74092,
      "min": 0.005498944781720638,
      "mean": 0.418528355692923,
      "p95": 1.093847393989563,
      "max": 1.629228115081787
    }
  ],
  "count": 74092,
  "min": 0.005498944781720638,
  "mean": 0.418528355692923,
  "p95": 1.093847393989563,
  "max": 1.629228115081787
}