{
  "field": "temperature",
  "surfaces": [
    {
      "surface": "vane_wall",
      "count": 54434,
      "min": 469.6087646484375,
      "mean": 646.5611062177936,
      "p95": 700.2322998046875,
      "max": 702.0465087890625
    }
  ],
  "count": 54434,
  "min": 469.6087646484375,
  "mean": 646.5611062177936,
  "p95": 700.2322998046875,
  "max": 702.0465087890625
}