{
  "field": "wall-temperature",
  "surfaces": [
    {
      "surface": "vane_wall",
      "count": 54434,
      "min": 469.6087646484375,
      "mean": 646.5762332470975,
      "p95": 700.2348022460938,
      "max": 702.046630859375
    }
  ],
  "count": 54434,
  "min": 469.6087646484375,
  "mean": 646.5762332470975,
  "p95": 700.2348022460938,
  "max": 702.046630859375
}