{
  "field": "y-plus",
  "surfaces": [
    {
      "surface": "vane_wall",
      "count": 54434,
      "min": 0.053878720849752426,
      "mean": 4.088843137467935,
      "p95": 8.396336555480957,
      "max": 11.693029403686523
    }
  ],
  "count": 54434,
  "min": 0.053878720849752426,
  "mean": 4.088843137467935,
  "p95": 8.396336555480957,
  "max": 11.693029403686523
}