{
  "SS1_s": 0.23943719057061552,
  "SS2_s": 0.2732321569125405,
  "PS1_s": 0.21497507399160465,
  "PS2_s": 0.23059783677884707,
  "suction_angle_deg": 38.90807133657293,
  "pressure_angle_deg": 20.75532741792903,
  "diameter_mm": 1.016863599403518,
  "span_count": 7
}