{
  "available": true,
  "zones": {
    "inlet": {
      "mass_flow_kg_s": 0.208271712064743,
      "raw": [
        0.208271712064743,
        0
      ]
    },
    "outlet": {
      "mass_flow_kg_s": -0.2135942578315735,
      "raw": [
        -0.2135942578315735,
        0
      ]
    },
    "qian": {
      "mass_flow_kg_s": 0.001243346370756626,
      "raw": [
        0.001243346370756626,
        0
      ]
    },
    "ss": {
      "mass_flow_kg_s": 0.002611415460705757,
      "raw": [
        0.002611415460705757,
        0
      ]
    },
    "ps": {
      "mass_flow_kg_s": 0.001465511973947287,
      "raw": [
        0.001465511973947287,
        0
      ]
    }
  },
  "errors": [],
  "reference_targets": {
    "total_target_kg_s": 0.0053202756,
    "zones": {
      "qian": {
        "region": "showerhead",
        "target_kg_s": 0.0012433465
      },
      "ss": {
        "region": "suction",
        "target_kg_s": 0.0026114173
      },
      "ps": {
        "region": "pressure",
        "target_kg_s": 0.0014655118
      }
    }
  },
  "constraints": {
    "coolant_actual_kg_s": 0.00532027380540967,
    "coolant_target_kg_s": 0.0053202756,
    "coolant_mass_flow_ratio": 0.9999996626884647,
    "mass_imbalance_kg_s": -2.2719614208295373e-06,
    "zones": {
      "qian": {
        "actual_kg_s": 0.001243346370756626,
        "target_kg_s": 0.0012433465,
        "actual_over_target": 0.9999998960520063
      },
      "ss": {
        "actual_kg_s": 0.002611415460705757,
        "target_kg_s": 0.0026114173,
        "actual_over_target": 0.999999295672031
      },
      "ps": {
        "actual_kg_s": 0.001465511973947287,
        "target_kg_s": 0.0014655118,
        "actual_over_target": 1.0000001186938836
      }
    }
  }
}