{
  "field": "temperature",
  "surfaces": [
    {
      "surface": "vane_wall",
      "count": 51583,
      "min": 496.7139587402344,
      "mean": 643.1854821688364,
      "p95": 700.2824096679688,
      "max": 700.9907836914062
    }
  ],
  "count": 51583,
  "min": 496.7139587402344,
  "mean": 643.1854821688364,
  "p95": 700.2824096679688,
  "max": 700.9907836914062
}