{
  "field": "wall-temperature",
  "surfaces": [
    {
      "surface": "vane_wall",
      "count": 51583,
      "min": 496.7139587402344,
      "mean": 643.197716112327,
      "p95": 700.2877807617188,
      "max": 700.9907836914062
    }
  ],
  "count": 51583,
  "min": 496.7139587402344,
  "mean": 643.197716112327,
  "p95": 700.2877807617188,
  "max": 700.9907836914062
}