{
  "field": "y-plus",
  "surfaces": [
    {
      "surface": "vane_wall",
      "count": 51583,
      "min": 0.06820379942655563,
      "mean": 4.225835747030029,
      "p95": 8.486544609069824,
      "max": 11.636385917663574
    }
  ],
  "count": 51583,
  "min": 0.06820379942655563,
  "mean": 4.225835747030029,
  "p95": 8.486544609069824,
  "max": 11.636385917663574
}