{
  "SS1_s": 0.24817760465683364,
  "SS2_s": 0.2636037187126676,
  "PS1_s": 0.21226662432252022,
  "PS2_s": 0.22965586056445633,
  "suction_angle_deg": 34.35686932662608,
  "pressure_angle_deg": 29.504559323321793
}