{
  "SS1_s": 0.24208432887779963,
  "SS2_s": 0.2752168911571387,
  "PS1_s": 0.22027148683076925,
  "PS2_s": 0.22870099111887127,
  "suction_angle_deg": 41.32028763083687,
  "pressure_angle_deg": 23.706640183523074,
  "diameter_mm": 1.0008695955207707,
  "span_count": 6
}