{
  "field": "temperature",
  "surfaces": [
    {
      "surface": "vane_wall",
      "count": 61780,
      "min": 495.37261962890625,
      "mean": 663.7275131803533,
      "p95": 698.0659790039062,
      "max": 701.4046020507812
    }
  ],
  "count": 61780,
  "min": 495.37261962890625,
  "mean": 663.7275131803533,
  "p95": 698.0659790039062,
  "max": 701.4046020507812
}