{
  "field": "wall-temperature",
  "surfaces": [
    {
      "surface": "vane_wall",
      "count": 61780,
      "min": 495.37261962890625,
      "mean": 663.7344132403333,
      "p95": 698.0665893554688,
      "max": 701.4046020507812
    }
  ],
  "count": 61780,
  "min": 495.37261962890625,
  "mean": 663.7344132403333,
  "p95": 698.0665893554688,
  "max": 701.4046020507812
}