{
  "definition": "eta = (Tg_ref - Taw) / (Tg_ref - Tc_ref)",
  "averaging": "face-area weighted using the magnitude of Fluent face-area vectors",
  "Tg_ref_K": 701.0,
  "Tc_ref_K": 593.6263151083753,
  "face_count": 30877,
  "area_m2": 0.0015793395537671343,
  "Taw_area_weighted_K": 664.1038579569569,
  "eta_bar": 0.3436236921577375,
  "surfaces": [
    {
      "surface": "vane_wall",
      "face_count": 30877,
      "area_m2": 0.0015793395537671343,
      "Taw_area_weighted_K": 664.1038579569569,
      "eta_area_weighted": 0.3436236921577375
    }
  ],
  "sides": [
    {
      "side": "pressure",
      "face_count": 15855,
      "area_m2": 0.0007014915800789827,
      "Taw_area_weighted_K": 662.3519301363137,
      "eta_area_weighted": 0.35993986704186703
    },
    {
      "side": "suction",
      "face_count": 15022,
      "area_m2": 0.0008778479736881398,
      "Taw_area_weighted_K": 665.5038299930317,
      "eta_area_weighted": 0.33058537613563627
    }
  ],
  "lateral_profiles": {
    "pressure_X_over_Cax_0p31": {
      "rows": 61,
      "path": "eta_lateral_ps_xcax_0p31.csv",
      "tolerance": 0.01
    },
    "suction_X_over_Cax_0p48": {
      "rows": 61,
      "path": "eta_lateral_ss_xcax_0p48.csv",
      "tolerance": 0.01
    }
  }
}