{
  "field": "y-plus",
  "surfaces": [
    {
      "surface": "vane_wall",
      "count": 61780,
      "min": 0.015359917655587196,
      "mean": 0.9786425306590039,
      "p95": 2.338239908218384,
      "max": 3.4369540214538574
    }
  ],
  "count": 61780,
  "min": 0.015359917655587196,
  "mean": 0.9786425306590039,
  "p95": 2.338239908218384,
  "max": 3.4369540214538574
}