{
  "field": "temperature",
  "surfaces": [
    {
      "surface": "vane_wall",
      "count": 54434,
      "min": 470.90277099609375,
      "mean": 646.5413912927202,
      "p95": 700.239501953125,
      "max": 701.8504638671875
    }
  ],
  "count": 54434,
  "min": 470.90277099609375,
  "mean": 646.5413912927202,
  "p95": 700.239501953125,
  "max": 701.8504638671875
}