{
  "definition": "eta = (Tg_ref - Taw) / (Tg_ref - Tc_ref)",
  "averaging": "face-area weighted using the magnitude of Fluent face-area vectors",
  "Tg_ref_K": 701.0,
  "Tc_ref_K": 593.6263151083753,
  "face_count": 17802,
  "area_m2": 0.0012221297189749856,
  "Taw_area_weighted_K": 627.7485459356595,
  "eta_bar": 0.6822104888946708,
  "surfaces": [
    {
      "surface": "vane_wall",
      "face_count": 17802,
      "area_m2": 0.0012221297189749856,
      "Taw_area_weighted_K": 627.7485459356595,
      "eta_area_weighted": 0.6822104888946708
    }
  ],
  "sides": [
    {
      "side": "pressure",
      "face_count": 8980,
      "area_m2": 0.0005458618340944704,
      "Taw_area_weighted_K": 648.156334301845,
      "eta_area_weighted": 0.4921472682202305
    },
    {
      "side": "suction",
      "face_count": 8822,
      "area_m2": 0.0006762678848805145,
      "Taw_area_weighted_K": 611.2760310692416,
      "eta_area_weighted": 0.8356234492773504
    }
  ],
  "region": "fixed downstream controllable area",
  "mask": {
    "pressure": "X/Cax >= 0.26530",
    "suction": "X/Cax >= 0.37638"
  },
  "fixed_across_designs": true,
  "note": "Thresholds are frozen at baseline first-variable-row axial stations."
}