{
  "field": "wall-temperature",
  "surfaces": [
    {
      "surface": "vane_wall",
      "count": 54434,
      "min": 470.90277099609375,
      "mean": 646.5568244789158,
      "p95": 700.2434692382812,
      "max": 701.8505249023438
    }
  ],
  "count": 54434,
  "min": 470.90277099609375,
  "mean": 646.5568244789158,
  "p95": 700.2434692382812,
  "max": 701.8505249023438
}