{
  "field": "y-plus",
  "surfaces": [
    {
      "surface": "vane_wall",
      "count": 54434,
      "min": 0.053687795996665955,
      "mean": 4.092386444610505,
      "p95": 8.382636070251465,
      "max": 11.684555053710938
    }
  ],
  "count": 54434,
  "min": 0.053687795996665955,
  "mean": 4.092386444610505,
  "p95": 8.382636070251465,
  "max": 11.684555053710938
}