{
  "SS1_s": 0.25132425880518633,
  "SS2_s": 0.2762834779036399,
  "PS1_s": 0.2062801001888814,
  "PS2_s": 0.24314866489931847,
  "suction_angle_deg": 39.900525514380554,
  "pressure_angle_deg": 29.032437763574954
}