{
  "reference": "NASA CR-182133 Table VII, Ma2=0.90 column",
  "normalization": "CFD static pressure / inlet total pressure (285130 Pa)",
  "span_averaging": "face-area weighted within +/-0.5% surface distance",
  "point_count": 29,
  "mae": 0.022345369876335997,
  "rmse": 0.035205156745191854,
  "max_abs_error": 0.11708468959805512,
  "sides": {
    "pressure": {
      "point_count": 12,
      "mae": 0.005352358526819349,
      "rmse": 0.007304274559244627,
      "max_abs_error": 0.018800397402886526
    },
    "suction": {
      "point_count": 17,
      "mae": 0.03434043671128892,
      "rmse": 0.045569894383508704,
      "max_abs_error": 0.11708468959805512
    }
  }
}