{
  "field": "temperature",
  "surfaces": [
    {
      "surface": "vane_wall",
      "count": 49018,
      "min": 454.2208251953125,
      "mean": 650.659234819362,
      "p95": 700.3298950195312,
      "max": 701.34716796875
    }
  ],
  "count": 49018,
  "min": 454.2208251953125,
  "mean": 650.659234819362,
  "p95": 700.3298950195312,
  "max": 701.34716796875
}