{
  "definition": "eta = (Tg_ref - Taw) / (Tg_ref - Tc_ref)",
  "averaging": "face-area weighted using the magnitude of Fluent face-area vectors",
  "Tg_ref_K": 701.0,
  "Tc_ref_K": 593.6263151083753,
  "face_count": 16732,
  "area_m2": 0.001222805810619273,
  "Taw_area_weighted_K": 635.9848585913247,
  "eta_bar": 0.6055034944018036,
  "surfaces": [
    {
      "surface": "vane_wall",
      "face_count": 16732,
      "area_m2": 0.001222805810619273,
      "Taw_area_weighted_K": 635.9848585913247,
      "eta_area_weighted": 0.6055034944018036
    }
  ],
  "sides": [
    {
      "side": "pressure",
      "face_count": 8169,
      "area_m2": 0.0005456086575936811,
      "Taw_area_weighted_K": 656.6185656668131,
      "eta_area_weighted": 0.41333623203839426
    },
    {
      "side": "suction",
      "face_count": 8563,
      "area_m2": 0.0006771971530255986,
      "Taw_area_weighted_K": 619.3605577236312,
      "eta_area_weighted": 0.7603300786293178
    }
  ],
  "region": "fixed downstream controllable area",
  "mask": {
    "pressure": "X/Cax >= 0.26530",
    "suction": "X/Cax >= 0.37638"
  },
  "fixed_across_designs": true,
  "note": "Thresholds are frozen at baseline first-variable-row axial stations."
}