{
  "field": "y-plus",
  "surfaces": [
    {
      "surface": "vane_wall",
      "count": 49018,
      "min": 0.10046448558568954,
      "mean": 4.5603645997003905,
      "p95": 8.634612083435059,
      "max": 12.256352424621582
    }
  ],
  "count": 49018,
  "min": 0.10046448558568954,
  "mean": 4.5603645997003905,
  "p95": 8.634612083435059,
  "max": 12.256352424621582
}