{
  "field": "wall-temperature",
  "surfaces": [
    {
      "surface": "vane_wall",
      "count": 49018,
      "min": 454.2208251953125,
      "mean": 650.680924454305,
      "p95": 700.3397216796875,
      "max": 701.34716796875
    }
  ],
  "count": 49018,
  "min": 454.2208251953125,
  "mean": 650.680924454305,
  "p95": 700.3397216796875,
  "max": 701.34716796875
}