{
  "field": "temperature",
  "surfaces": [
    {
      "surface": "vane_wall",
      "count": 74092,
      "min": 512.9662475585938,
      "mean": 662.772462209409,
      "p95": 698.6233520507812,
      "max": 840.9934692382812
    }
  ],
  "count": 74092,
  "min": 512.9662475585938,
  "mean": 662.772462209409,
  "p95": 698.6233520507812,
  "max": 840.9934692382812
}