{
  "field": "y-plus",
  "surfaces": [
    {
      "surface": "vane_wall",
      "count": 74092,
      "min": 0.005768249277025461,
      "mean": 0.38236508323839,
      "p95": 1.0267337560653687,
      "max": 1.586283564567566
    }
  ],
  "count": 74092,
  "min": 0.005768249277025461,
  "mean": 0.38236508323839,
  "p95": 1.0267337560653687,
  "max": 1.586283564567566
}