{
  "field": "wall-temperature",
  "surfaces": [
    {
      "surface": "vane_wall",
      "count": 74092,
      "min": 512.9661865234375,
      "mean": 662.7782573315866,
      "p95": 698.6187744140625,
      "max": 739.9442749023438
    }
  ],
  "count": 74092,
  "min": 512.9661865234375,
  "mean": 662.7782573315866,
  "p95": 698.6187744140625,
  "max": 739.9442749023438
}