{
  "definition": "eta = (Tg_ref - Taw) / (Tg_ref - Tc_ref)",
  "averaging": "face-area weighted using the magnitude of Fluent face-area vectors",
  "Tg_ref_K": 701.0,
  "Tc_ref_K": 593.6263151083753,
  "face_count": 21820,
  "area_m2": 0.0012319188021315119,
  "Taw_area_weighted_K": 650.9181798776225,
  "eta_bar": 0.46642545771742816,
  "surfaces": [
    {
      "surface": "vane_wall",
      "face_count": 21820,
      "area_m2": 0.0012319188021315119,
      "Taw_area_weighted_K": 650.9181798776225,
      "eta_area_weighted": 0.46642545771742816
    }
  ],
  "sides": [
    {
      "side": "pressure",
      "face_count": 11102,
      "area_m2": 0.0005540345272455048,
      "Taw_area_weighted_K": 652.3451132018059,
      "eta_area_weighted": 0.45313604396930285
    },
    {
      "side": "suction",
      "face_count": 10718,
      "area_m2": 0.0006778842748860099,
      "Taw_area_weighted_K": 649.751947883511,
      "eta_area_weighted": 0.47728688987640694
    }
  ],
  "region": "fixed downstream controllable area",
  "mask": {
    "pressure": "X/Cax >= 0.26530",
    "suction": "X/Cax >= 0.37638"
  },
  "fixed_across_designs": true,
  "note": "Thresholds are frozen at baseline first-variable-row axial stations."
}