{
  "reference": "NASA CR-182133 Table VII, Ma2=0.90 column",
  "normalization": "CFD static pressure / inlet total pressure (285130 Pa)",
  "span_averaging": "face-area weighted within +/-0.5% surface distance",
  "point_count": 29,
  "mae": 0.05454849023600293,
  "rmse": 0.08061318822301858,
  "max_abs_error": 0.2258788470269925,
  "sides": {
    "pressure": {
      "point_count": 12,
      "mae": 0.019401122156662332,
      "rmse": 0.02779740671746757,
      "max_abs_error": 0.06035690199178445
    },
    "suction": {
      "point_count": 17,
      "mae": 0.07935839711553747,
      "rmse": 0.10266557573767451,
      "max_abs_error": 0.2258788470269925
    }
  }
}