{
  "field": "temperature",
  "surfaces": [
    {
      "surface": "vane_wall",
      "count": 61780,
      "min": 623.5474243164062,
      "mean": 672.1056402204568,
      "p95": 677.19189453125,
      "max": 690.1847534179688
    }
  ],
  "count": 61780,
  "min": 623.5474243164062,
  "mean": 672.1056402204568,
  "p95": 677.19189453125,
  "max": 690.1847534179688
}