{
  "field": "wall-temperature",
  "surfaces": [
    {
      "surface": "vane_wall",
      "count": 61780,
      "min": 623.5474243164062,
      "mean": 672.1141470847681,
      "p95": 677.1998901367188,
      "max": 690.1847534179688
    }
  ],
  "count": 61780,
  "min": 623.5474243164062,
  "mean": 672.1141470847681,
  "p95": 677.1998901367188,
  "max": 690.1847534179688
}