{
  "field": "y-plus",
  "surfaces": [
    {
      "surface": "vane_wall",
      "count": 61780,
      "min": 0.03606594726443291,
      "mean": 0.7592883528481268,
      "p95": 1.876046895980835,
      "max": 3.4703121185302734
    }
  ],
  "count": 61780,
  "min": 0.03606594726443291,
  "mean": 0.7592883528481268,
  "p95": 1.876046895980835,
  "max": 3.4703121185302734
}