{
  "field": "temperature",
  "surfaces": [
    {
      "surface": "vane_wall",
      "count": 53690,
      "min": 471.65838623046875,
      "mean": 653.0560907561056,
      "p95": 700.2573852539062,
      "max": 701.0233764648438
    }
  ],
  "count": 53690,
  "min": 471.65838623046875,
  "mean": 653.0560907561056,
  "p95": 700.2573852539062,
  "max": 701.0233764648438
}