{
  "field": "y-plus",
  "surfaces": [
    {
      "surface": "vane_wall",
      "count": 53690,
      "min": 0.0504235215485096,
      "mean": 3.940648253548604,
      "p95": 8.3740873336792,
      "max": 11.716032981872559
    }
  ],
  "count": 53690,
  "min": 0.0504235215485096,
  "mean": 3.940648253548604,
  "p95": 8.3740873336792,
  "max": 11.716032981872559
}