{
  "definition": "eta = (Tg_ref - Taw) / (Tg_ref - Tc_ref)",
  "averaging": "face-area weighted using the magnitude of Fluent face-area vectors",
  "Tg_ref_K": 701.0,
  "Tc_ref_K": 593.6263151083753,
  "face_count": 17802,
  "area_m2": 0.0012221297189749826,
  "Taw_area_weighted_K": 641.5630734822118,
  "eta_bar": 0.5535520791503217,
  "surfaces": [
    {
      "surface": "vane_wall",
      "face_count": 17802,
      "area_m2": 0.0012221297189749826,
      "Taw_area_weighted_K": 641.5630734822118,
      "eta_area_weighted": 0.5535520791503217
    }
  ],
  "sides": [
    {
      "side": "pressure",
      "face_count": 8980,
      "area_m2": 0.0005458618340944685,
      "Taw_area_weighted_K": 649.3646220193726,
      "eta_area_weighted": 0.4808941598003308
    },
    {
      "side": "suction",
      "face_count": 8822,
      "area_m2": 0.0006762678848805128,
      "Taw_area_weighted_K": 635.265912714292,
      "eta_area_weighted": 0.612199230677976
    }
  ],
  "region": "fixed downstream controllable area",
  "mask": {
    "pressure": "X/Cax >= 0.26530",
    "suction": "X/Cax >= 0.37638"
  },
  "fixed_across_designs": true,
  "note": "Thresholds are frozen at baseline first-variable-row axial stations."
}