{
  "field": "wall-temperature",
  "surfaces": [
    {
      "surface": "vane_wall",
      "count": 53690,
      "min": 471.65838623046875,
      "mean": 653.059696492369,
      "p95": 700.2616577148438,
      "max": 701.0233764648438
    }
  ],
  "count": 53690,
  "min": 471.65838623046875,
  "mean": 653.059696492369,
  "p95": 700.2616577148438,
  "max": 701.0233764648438
}