{
  "status": "completed",
  "config": "E:\\Work\\BOfm\\configs\\c3x_nasa_standard_mfbo_8d.yaml",
  "experiment": "C3X NASA standard MFBO 8D",
  "trial_id": 12,
  "fidelity": "L2",
  "mesh_tier": "coarse",
  "source": "stratified_startup",
  "design": {
    "SS1_s": 0.24208432887779963,
    "SS2_s": 0.2752168911571387,
    "PS1_s": 0.22027148683076925,
    "PS2_s": 0.22870099111887127,
    "suction_angle_deg": 41.32028763083687,
    "pressure_angle_deg": 23.706640183523074,
    "diameter_mm": 1.0008695955207707,
    "span_count": 6
  },
  "predicted": {},
  "relative_cost": 0.2,
  "cost_before": 4.6,
  "run_dir": "E:\\Work\\BOfm\\runs\\optimization\\nasa_standard_mfbo_8d\\trials\\trial_0012_L2",
  "objective": 0.7185310626214215,
  "constraints": {
    "coolant_mass_ratio": 0.9999992341497277,
    "loss_ratio": 1.2079843635300982
  },
  "metrics": {
    "whole_vane_eta_bar": 0.6028546020640807,
    "protected_area_m2": 0.0012225272139353392,
    "coolant_actual_kg_s": 0.00532027380540967,
    "delta_total_pressure_Pa": 25691.98751631615,
    "mass_imbalance_kg_s": 2.2719614208295373e-06,
    "continuity_residual": 0.0038342,
    "y_plus_p95": 8.486544609069824,
    "y_plus_max": 11.636385917663574,
    "converged_for_screening": true
  },
  "cost_after": 4.8,
  "result_json": "E:\\Work\\BOfm\\runs\\optimization\\nasa_standard_mfbo_8d\\trials\\trial_0012_L2\\result.json"
}