{
  "reference": "NASA CR-182133 Table VII, Ma2=0.90 column",
  "normalization": "CFD static pressure / inlet total pressure (285130 Pa)",
  "span_averaging": "face-area weighted within +/-0.5% surface distance",
  "point_count": 29,
  "mae": 0.02221224109649133,
  "rmse": 0.035058596477225604,
  "max_abs_error": 0.11337279173694453,
  "sides": {
    "pressure": {
      "point_count": 12,
      "mae": 0.0049712780850536264,
      "rmse": 0.006878789395139902,
      "max_abs_error": 0.016733946523525
    },
    "suction": {
      "point_count": 17,
      "mae": 0.03438233263397676,
      "rmse": 0.04542365119828764,
      "max_abs_error": 0.11337279173694453
    }
  }
}