{
  "field": "temperature",
  "surfaces": [
    {
      "surface": "vane_wall",
      "count": 52873,
      "min": 509.74676513671875,
      "mean": 642.1096410413869,
      "p95": 700.3048095703125,
      "max": 701.4376831054688
    }
  ],
  "count": 52873,
  "min": 509.74676513671875,
  "mean": 642.1096410413869,
  "p95": 700.3048095703125,
  "max": 701.4376831054688
}