{
  "field": "wall-temperature",
  "surfaces": [
    {
      "surface": "vane_wall",
      "count": 52873,
      "min": 509.74676513671875,
      "mean": 642.1201130311805,
      "p95": 700.3143920898438,
      "max": 701.4376831054688
    }
  ],
  "count": 52873,
  "min": 509.74676513671875,
  "mean": 642.1201130311805,
  "p95": 700.3143920898438,
  "max": 701.4376831054688
}