{
  "field": "y-plus",
  "surfaces": [
    {
      "surface": "vane_wall",
      "count": 52873,
      "min": 0.04772994667291641,
      "mean": 4.067653295991742,
      "p95": 8.405417442321777,
      "max": 11.5065336227417
    }
  ],
  "count": 52873,
  "min": 0.04772994667291641,
  "mean": 4.067653295991742,
  "p95": 8.405417442321777,
  "max": 11.5065336227417
}