{
  "field": "temperature",
  "surfaces": [
    {
      "surface": "vane_wall",
      "count": 62574,
      "min": 483.7162170410156,
      "mean": 650.2481273393006,
      "p95": 700.2986450195312,
      "max": 701.474609375
    }
  ],
  "count": 62574,
  "min": 483.7162170410156,
  "mean": 650.2481273393006,
  "p95": 700.2986450195312,
  "max": 701.474609375
}