{
  "field": "wall-temperature",
  "surfaces": [
    {
      "surface": "vane_wall",
      "count": 62574,
      "min": 483.71624755859375,
      "mean": 650.2724166886211,
      "p95": 700.3031005859375,
      "max": 701.7826538085938
    }
  ],
  "count": 62574,
  "min": 483.71624755859375,
  "mean": 650.2724166886211,
  "p95": 700.3031005859375,
  "max": 701.7826538085938
}