{
  "field": "y-plus",
  "surfaces": [
    {
      "surface": "vane_wall",
      "count": 62574,
      "min": 0.012346664443612099,
      "mean": 1.0586672069703522,
      "p95": 2.406489133834839,
      "max": 3.4258241653442383
    }
  ],
  "count": 62574,
  "min": 0.012346664443612099,
  "mean": 1.0586672069703522,
  "p95": 2.406489133834839,
  "max": 3.4258241653442383
}