{
  "field": "temperature",
  "surfaces": [
    {
      "surface": "vane_wall",
      "count": 61780,
      "min": 574.1390991210938,
      "mean": 669.2553320521944,
      "p95": 687.20849609375,
      "max": 695.2024536132812
    }
  ],
  "count": 61780,
  "min": 574.1390991210938,
  "mean": 669.2553320521944,
  "p95": 687.20849609375,
  "max": 695.2024536132812
}