{
  "field": "wall-temperature",
  "surfaces": [
    {
      "surface": "vane_wall",
      "count": 61780,
      "min": 574.1390991210938,
      "mean": 669.2651387035287,
      "p95": 687.197509765625,
      "max": 695.2024536132812
    }
  ],
  "count": 61780,
  "min": 574.1390991210938,
  "mean": 669.2651387035287,
  "p95": 687.197509765625,
  "max": 695.2024536132812
}