{
  "field": "y-plus",
  "surfaces": [
    {
      "surface": "vane_wall",
      "count": 61780,
      "min": 0.015847906470298767,
      "mean": 0.8826326027519786,
      "p95": 2.1400856971740723,
      "max": 3.2768077850341797
    }
  ],
  "count": 61780,
  "min": 0.015847906470298767,
  "mean": 0.8826326027519786,
  "p95": 2.1400856971740723,
  "max": 3.2768077850341797
}