{
  "available": true,
  "zones": {
    "inlet": {
      "mass_flow_kg_s": 0.2034057348746051,
      "raw": [
        0.2034057348746051,
        0
      ]
    },
    "outlet": {
      "mass_flow_kg_s": -0.2087402531875142,
      "raw": [
        -0.2087402531875142,
        0
      ]
    },
    "qian": {
      "mass_flow_kg_s": 0.001243346500000002,
      "raw": [
        0.001243346500000002,
        0
      ]
    },
    "ss": {
      "mass_flow_kg_s": 0.002611417300000005,
      "raw": [
        0.002611417300000005,
        0
      ]
    },
    "ps": {
      "mass_flow_kg_s": 0.001465511800000004,
      "raw": [
        0.001465511800000004,
        0
      ]
    }
  },
  "errors": [],
  "reference_targets": {
    "total_target_kg_s": 0.0053202756,
    "zones": {
      "qian": {
        "region": "showerhead",
        "target_kg_s": 0.0012433465
      },
      "ss": {
        "region": "suction",
        "target_kg_s": 0.0026114173
      },
      "ps": {
        "region": "pressure",
        "target_kg_s": 0.0014655118
      }
    }
  },
  "constraints": {
    "coolant_actual_kg_s": 0.005320275600000011,
    "coolant_target_kg_s": 0.0053202756,
    "coolant_mass_flow_ratio": 1.000000000000002,
    "mass_imbalance_kg_s": -1.4242712909115019e-05,
    "zones": {
      "qian": {
        "actual_kg_s": 0.001243346500000002,
        "target_kg_s": 0.0012433465,
        "actual_over_target": 1.0000000000000016
      },
      "ss": {
        "actual_kg_s": 0.002611417300000005,
        "target_kg_s": 0.0026114173,
        "actual_over_target": 1.0000000000000018
      },
      "ps": {
        "actual_kg_s": 0.001465511800000004,
        "target_kg_s": 0.0014655118,
        "actual_over_target": 1.0000000000000029
      }
    }
  }
}