{
  "reference": "NASA CR-182133 Table VII, Ma2=0.90 column",
  "normalization": "CFD static pressure / inlet total pressure (285130 Pa)",
  "span_averaging": "face-area weighted within +/-0.5% surface distance",
  "point_count": 29,
  "mae": 0.02895535195676971,
  "rmse": 0.042674427823799516,
  "max_abs_error": 0.13568780189896795,
  "sides": {
    "pressure": {
      "point_count": 12,
      "mae": 0.007414902524260923,
      "rmse": 0.012407012468615421,
      "max_abs_error": 0.038457344782154124
    },
    "suction": {
      "point_count": 17,
      "mae": 0.044160375085599446,
      "rmse": 0.0547533987190132,
      "max_abs_error": 0.13568780189896795
    }
  }
}