{
  "field": "temperature",
  "surfaces": [
    {
      "surface": "vane_wall",
      "count": 61780,
      "min": 508.7144775390625,
      "mean": 665.5470976745862,
      "p95": 696.2932739257812,
      "max": 701.824462890625
    }
  ],
  "count": 61780,
  "min": 508.7144775390625,
  "mean": 665.5470976745862,
  "p95": 696.2932739257812,
  "max": 701.824462890625
}