{
  "field": "wall-temperature",
  "surfaces": [
    {
      "surface": "vane_wall",
      "count": 61780,
      "min": 508.7144775390625,
      "mean": 665.5528956518547,
      "p95": 696.2840576171875,
      "max": 701.824462890625
    }
  ],
  "count": 61780,
  "min": 508.7144775390625,
  "mean": 665.5528956518547,
  "p95": 696.2840576171875,
  "max": 701.824462890625
}