{
  "field": "y-plus",
  "surfaces": [
    {
      "surface": "vane_wall",
      "count": 61780,
      "min": 0.015482691116631031,
      "mean": 0.9583120371466042,
      "p95": 2.298297882080078,
      "max": 3.3329250812530518
    }
  ],
  "count": 61780,
  "min": 0.015482691116631031,
  "mean": 0.9583120371466042,
  "p95": 2.298297882080078,
  "max": 3.3329250812530518
}