{
  "definition": "eta = (Tg_ref - Taw) / (Tg_ref - Tc_ref)",
  "averaging": "face-area weighted using the magnitude of Fluent face-area vectors",
  "Tg_ref_K": 701.0,
  "Tc_ref_K": 593.6263151083753,
  "face_count": 19496,
  "area_m2": 0.0012246685001813084,
  "Taw_area_weighted_K": 663.191068604252,
  "eta_bar": 0.352124744846985,
  "surfaces": [
    {
      "surface": "vane_wall",
      "face_count": 19496,
      "area_m2": 0.0012246685001813084,
      "Taw_area_weighted_K": 663.191068604252,
      "eta_area_weighted": 0.352124744846985
    }
  ],
  "sides": [
    {
      "side": "pressure",
      "face_count": 9858,
      "area_m2": 0.0005466834274513591,
      "Taw_area_weighted_K": 655.882137157299,
      "eta_area_weighted": 0.42019478877194655
    },
    {
      "side": "suction",
      "face_count": 9638,
      "area_m2": 0.0006779850727299469,
      "Taw_area_weighted_K": 669.0845194413689,
      "eta_area_weighted": 0.2972374524618816
    }
  ],
  "region": "fixed downstream controllable area",
  "mask": {
    "pressure": "X/Cax >= 0.26530",
    "suction": "X/Cax >= 0.37638"
  },
  "fixed_across_designs": true,
  "note": "Thresholds are frozen at baseline first-variable-row axial stations."
}