{
  "field": "temperature",
  "surfaces": [
    {
      "surface": "vane_wall",
      "count": 62574,
      "min": 484.3218688964844,
      "mean": 656.7737802592121,
      "p95": 700.06982421875,
      "max": 703.70751953125
    }
  ],
  "count": 62574,
  "min": 484.3218688964844,
  "mean": 656.7737802592121,
  "p95": 700.06982421875,
  "max": 703.70751953125
}