{
  "field": "wall-temperature",
  "surfaces": [
    {
      "surface": "vane_wall",
      "count": 62574,
      "min": 484.3219299316406,
      "mean": 656.781125944733,
      "p95": 700.0737915039062,
      "max": 705.0919799804688
    }
  ],
  "count": 62574,
  "min": 484.3219299316406,
  "mean": 656.781125944733,
  "p95": 700.0737915039062,
  "max": 705.0919799804688
}