{
  "definition": "eta = (Tg_ref - Taw) / (Tg_ref - Tc_ref)",
  "averaging": "face-area weighted using the magnitude of Fluent face-area vectors",
  "Tg_ref_K": 701.0,
  "Tc_ref_K": 593.6263151083753,
  "face_count": 30877,
  "area_m2": 0.0015793395537671308,
  "Taw_area_weighted_K": 653.8887962021558,
  "eta_bar": 0.4387593090931517,
  "surfaces": [
    {
      "surface": "vane_wall",
      "face_count": 30877,
      "area_m2": 0.0015793395537671308,
      "Taw_area_weighted_K": 653.8887962021558,
      "eta_area_weighted": 0.4387593090931517
    }
  ],
  "sides": [
    {
      "side": "pressure",
      "face_count": 15855,
      "area_m2": 0.000701491580078983,
      "Taw_area_weighted_K": 660.5824389996728,
      "eta_area_weighted": 0.37641961381058364
    },
    {
      "side": "suction",
      "face_count": 15022,
      "area_m2": 0.0008778479736881417,
      "Taw_area_weighted_K": 648.5398813521551,
      "eta_area_weighted": 0.4885751914055328
    }
  ],
  "lateral_profiles": {
    "pressure_X_over_Cax_0p31": {
      "rows": 61,
      "path": "eta_lateral_ps_xcax_0p31.csv",
      "tolerance": 0.01
    },
    "suction_X_over_Cax_0p48": {
      "rows": 61,
      "path": "eta_lateral_ss_xcax_0p48.csv",
      "tolerance": 0.01
    }
  }
}