{
  "field": "y-plus",
  "surfaces": [
    {
      "surface": "vane_wall",
      "count": 62574,
      "min": 0.016530625522136688,
      "mean": 1.0362513754751703,
      "p95": 2.400956392288208,
      "max": 3.3333308696746826
    }
  ],
  "count": 62574,
  "min": 0.016530625522136688,
  "mean": 1.0362513754751703,
  "p95": 2.400956392288208,
  "max": 3.3333308696746826
}