{
  "available": true,
  "zones": {
    "inlet": {
      "mass_flow_kg_s": 0.2086028903722763,
      "raw": [
        0.2086028903722763,
        0
      ]
    },
    "outlet": {
      "mass_flow_kg_s": -0.2137605845928192,
      "raw": [
        -0.2137605845928192,
        0
      ]
    },
    "qian": {
      "mass_flow_kg_s": 0.001240614103153348,
      "raw": [
        0.001240614103153348,
        0
      ]
    },
    "ss": {
      "mass_flow_kg_s": 0.002703533042222261,
      "raw": [
        0.002703533042222261,
        0
      ]
    },
    "ps": {
      "mass_flow_kg_s": 0.001213324954733253,
      "raw": [
        0.001213324954733253,
        0
      ]
    }
  },
  "errors": [],
  "reference_targets": {
    "total_target_kg_s": 0.0053202756,
    "zones": {
      "qian": {
        "region": "showerhead",
        "target_kg_s": 0.0012433465
      },
      "ss": {
        "region": "suction",
        "target_kg_s": 0.0026114173
      },
      "ps": {
        "region": "pressure",
        "target_kg_s": 0.0014655118
      }
    }
  },
  "constraints": {
    "coolant_actual_kg_s": 0.005157472100108862,
    "coolant_target_kg_s": 0.0053202756,
    "coolant_mass_flow_ratio": 0.9693994236142318,
    "mass_imbalance_kg_s": -2.2212043404579163e-07,
    "zones": {
      "qian": {
        "actual_kg_s": 0.001240614103153348,
        "target_kg_s": 0.0012433465,
        "actual_over_target": 0.9978023850578644
      },
      "ss": {
        "actual_kg_s": 0.002703533042222261,
        "target_kg_s": 0.0026114173,
        "actual_over_target": 1.0352742329700662
      },
      "ps": {
        "actual_kg_s": 0.001213324954733253,
        "target_kg_s": 0.0014655118,
        "actual_over_target": 0.8279189254793125
      }
    }
  }
}