{
  "surfaces": [
    "inlet",
    "outlet"
  ],
  "available_fields": [
    "pressure",
    "absolute-pressure",
    "total-pressure"
  ],
  "fields": {
    "pressure": {
      "field": "pressure",
      "surfaces": [
        {
          "surface": "inlet",
          "count": 2836,
          "min": 279988.03125,
          "mean": 280007.0877115656,
          "p95": 280029.3125,
          "max": 280029.875
        },
        {
          "surface": "outlet",
          "count": 2807,
          "min": 169686.859375,
          "mean": 170418.64237842892,
          "p95": 170609.578125,
          "max": 170738.46875
        }
      ],
      "count": 5643,
      "min": 169686.859375,
      "mean": 225494.4586046872,
      "p95": 280028.59375,
      "max": 280029.875
    },
    "absolute-pressure": {
      "field": "absolute-pressure",
      "surfaces": [
        {
          "surface": "inlet",
          "count": 2836,
          "min": 279988.03125,
          "mean": 280007.0877115656,
          "p95": 280029.3125,
          "max": 280029.875
        },
        {
          "surface": "outlet",
          "count": 2807,
          "min": 169686.859375,
          "mean": 170418.64237842892,
          "p95": 170609.578125,
          "max": 170738.46875
        }
      ],
      "count": 5643,
      "min": 169686.859375,
      "mean": 225494.4586046872,
      "p95": 280028.59375,
      "max": 280029.875
    },
    "total-pressure": {
      "field": "total-pressure",
      "surfaces": [
        {
          "surface": "inlet",
          "count": 2836,
          "min": 285129.3125,
          "mean": 285130.9843309238,
          "p95": 285131.21875,
          "max": 285131.6875
        },
        {
          "surface": "outlet",
          "count": 2807,
          "min": 191424.65625,
          "mean": 213318.9789365871,
          "p95": 243788.671875,
          "max": 253741.171875
        }
      ],
      "count": 5643,
      "min": 191424.65625,
      "mean": 249409.50654572036,
      "p95": 285131.15625,
      "max": 285131.6875
    }
  },
  "note": "Use these summaries for diagnostics; finalize pressure-loss definition before publication.",
  "pressure_loss_diagnostic": {
    "definition": "diagnostic_delta_p0 = mean(total-pressure on inlet) - mean(total-pressure on outlet)",
    "delta_total_pressure_Pa": 71812.00539433671,
    "inlet_total_pressure_mean_Pa": 285130.9843309238,
    "outlet_total_pressure_mean_Pa": 213318.9789365871,
    "note": "Diagnostic only; final loss coefficient definition must be fixed before publication."
  }
}