{
  "field": "temperature",
  "surfaces": [
    {
      "surface": "vane_wall",
      "count": 54384,
      "min": 470.05169677734375,
      "mean": 655.5210249929717,
      "p95": 700.25439453125,
      "max": 701.0513916015625
    }
  ],
  "count": 54384,
  "min": 470.05169677734375,
  "mean": 655.5210249929717,
  "p95": 700.25439453125,
  "max": 701.0513916015625
}