{
  "field": "wall-temperature",
  "surfaces": [
    {
      "surface": "vane_wall",
      "count": 54384,
      "min": 470.05169677734375,
      "mean": 655.530040206752,
      "p95": 700.2616577148438,
      "max": 701.0514526367188
    }
  ],
  "count": 54384,
  "min": 470.05169677734375,
  "mean": 655.530040206752,
  "p95": 700.2616577148438,
  "max": 701.0514526367188
}