{
  "field": "y-plus",
  "surfaces": [
    {
      "surface": "vane_wall",
      "count": 54384,
      "min": 0.045569662004709244,
      "mean": 3.867265766787719,
      "p95": 8.365654945373535,
      "max": 11.62037467956543
    }
  ],
  "count": 54384,
  "min": 0.045569662004709244,
  "mean": 3.867265766787719,
  "p95": 8.365654945373535,
  "max": 11.62037467956543
}