{
  "field": "temperature",
  "surfaces": [
    {
      "surface": "vane_wall",
      "count": 54384,
      "min": 477.11474609375,
      "mean": 662.0578644711258,
      "p95": 700.4943237304688,
      "max": 710.7713012695312
    }
  ],
  "count": 54384,
  "min": 477.11474609375,
  "mean": 662.0578644711258,
  "p95": 700.4943237304688,
  "max": 710.7713012695312
}