{
  "field": "y-plus",
  "surfaces": [
    {
      "surface": "vane_wall",
      "count": 54384,
      "min": 0.03647789731621742,
      "mean": 3.6956592153744934,
      "p95": 8.255058288574219,
      "max": 11.351758003234863
    }
  ],
  "count": 54384,
  "min": 0.03647789731621742,
  "mean": 3.6956592153744934,
  "p95": 8.255058288574219,
  "max": 11.351758003234863
}