{
  "definition": "eta = (Tg_ref - Taw) / (Tg_ref - Tc_ref)",
  "averaging": "face-area weighted using the magnitude of Fluent face-area vectors",
  "Tg_ref_K": 701.0,
  "Tc_ref_K": 593.6263151083753,
  "face_count": 17802,
  "area_m2": 0.001222129718974988,
  "Taw_area_weighted_K": 658.5464201817045,
  "eta_bar": 0.3953816045443569,
  "surfaces": [
    {
      "surface": "vane_wall",
      "face_count": 17802,
      "area_m2": 0.001222129718974988,
      "Taw_area_weighted_K": 658.5464201817045,
      "eta_area_weighted": 0.3953816045443569
    }
  ],
  "sides": [
    {
      "side": "pressure",
      "face_count": 8980,
      "area_m2": 0.0005458618340944713,
      "Taw_area_weighted_K": 652.8850095525456,
      "eta_area_weighted": 0.44810784407756094
    },
    {
      "side": "suction",
      "face_count": 8822,
      "area_m2": 0.0006762678848805135,
      "Taw_area_weighted_K": 663.1161299944707,
      "eta_area_weighted": 0.35282266827077785
    }
  ],
  "region": "fixed downstream controllable area",
  "mask": {
    "pressure": "X/Cax >= 0.26530",
    "suction": "X/Cax >= 0.37638"
  },
  "fixed_across_designs": true,
  "note": "Thresholds are frozen at baseline first-variable-row axial stations."
}