{
  "field": "wall-temperature",
  "surfaces": [
    {
      "surface": "vane_wall",
      "count": 54384,
      "min": 477.11474609375,
      "mean": 662.0885520137103,
      "p95": 700.500244140625,
      "max": 710.7713623046875
    }
  ],
  "count": 54384,
  "min": 477.11474609375,
  "mean": 662.0885520137103,
  "p95": 700.500244140625,
  "max": 710.7713623046875
}