{
  "definition": "eta = (Tg_ref - Taw) / (Tg_ref - Tc_ref)",
  "averaging": "face-area weighted using the magnitude of Fluent face-area vectors",
  "Tg_ref_K": 701.0,
  "Tc_ref_K": 593.6263151083753,
  "face_count": 26831,
  "area_m2": 0.0015767645276832853,
  "Taw_area_weighted_K": 663.6797531260407,
  "eta_bar": 0.34757349448913427,
  "surfaces": [
    {
      "surface": "vane_wall",
      "face_count": 26831,
      "area_m2": 0.0015767645276832853,
      "Taw_area_weighted_K": 663.6797531260407,
      "eta_area_weighted": 0.34757349448913427
    }
  ],
  "sides": [
    {
      "side": "pressure",
      "face_count": 13677,
      "area_m2": 0.0007008585363193171,
      "Taw_area_weighted_K": 662.8655500449017,
      "eta_area_weighted": 0.3551563867216253
    },
    {
      "side": "suction",
      "face_count": 13154,
      "area_m2": 0.0008759059913639746,
      "Taw_area_weighted_K": 664.3312399126844,
      "eta_area_weighted": 0.3415060228614374
    }
  ],
  "lateral_profiles": {
    "pressure_X_over_Cax_0p31": {
      "rows": 61,
      "path": "eta_lateral_ps_xcax_0p31.csv",
      "tolerance": 0.01
    },
    "suction_X_over_Cax_0p48": {
      "rows": 61,
      "path": "eta_lateral_ss_xcax_0p48.csv",
      "tolerance": 0.01
    }
  }
}