{
  "field": "temperature",
  "surfaces": [
    {
      "surface": "vane_wall",
      "count": 61780,
      "min": 613.3898315429688,
      "mean": 670.641876362967,
      "p95": 681.295166015625,
      "max": 685.9146118164062
    }
  ],
  "count": 61780,
  "min": 613.3898315429688,
  "mean": 670.641876362967,
  "p95": 681.295166015625,
  "max": 685.9146118164062
}