{
  "field": "wall-temperature",
  "surfaces": [
    {
      "surface": "vane_wall",
      "count": 61780,
      "min": 613.3898315429688,
      "mean": 670.659176025193,
      "p95": 681.398681640625,
      "max": 686.7489624023438
    }
  ],
  "count": 61780,
  "min": 613.3898315429688,
  "mean": 670.659176025193,
  "p95": 681.398681640625,
  "max": 686.7489624023438
}