{
  "field": "y-plus",
  "surfaces": [
    {
      "surface": "vane_wall",
      "count": 61780,
      "min": 0.019528772681951523,
      "mean": 0.8249591098408501,
      "p95": 2.0419023036956787,
      "max": 3.439063787460327
    }
  ],
  "count": 61780,
  "min": 0.019528772681951523,
  "mean": 0.8249591098408501,
  "p95": 2.0419023036956787,
  "max": 3.439063787460327
}