{
  "field": "temperature",
  "surfaces": [
    {
      "surface": "vane_wall",
      "count": 62574,
      "min": 483.9620056152344,
      "mean": 652.7127665287659,
      "p95": 700.2476196289062,
      "max": 701.5772705078125
    }
  ],
  "count": 62574,
  "min": 483.9620056152344,
  "mean": 652.7127665287659,
  "p95": 700.2476196289062,
  "max": 701.5772705078125
}