{
  "field": "wall-temperature",
  "surfaces": [
    {
      "surface": "vane_wall",
      "count": 62574,
      "min": 483.9620361328125,
      "mean": 652.7287089195768,
      "p95": 700.2526245117188,
      "max": 702.485595703125
    }
  ],
  "count": 62574,
  "min": 483.9620361328125,
  "mean": 652.7287089195768,
  "p95": 700.2526245117188,
  "max": 702.485595703125
}