{
  "field": "y-plus",
  "surfaces": [
    {
      "surface": "vane_wall",
      "count": 62574,
      "min": 0.016206296160817146,
      "mean": 1.0491008694159327,
      "p95": 2.4069223403930664,
      "max": 3.356078624725342
    }
  ],
  "count": 62574,
  "min": 0.016206296160817146,
  "mean": 1.0491008694159327,
  "p95": 2.4069223403930664,
  "max": 3.356078624725342
}