{
  "field": "temperature",
  "surfaces": [
    {
      "surface": "vane_wall",
      "count": 62574,
      "min": 483.74200439453125,
      "mean": 649.5843319576028,
      "p95": 700.322021484375,
      "max": 701.8063354492188
    }
  ],
  "count": 62574,
  "min": 483.74200439453125,
  "mean": 649.5843319576028,
  "p95": 700.322021484375,
  "max": 701.8063354492188
}