{
  "definition": "eta = (Tg_ref - Taw) / (Tg_ref - Tc_ref)",
  "averaging": "face-area weighted using the magnitude of Fluent face-area vectors",
  "Tg_ref_K": 701.0,
  "Tc_ref_K": 593.6263151083753,
  "face_count": 30877,
  "area_m2": 0.0015793395537671308,
  "Taw_area_weighted_K": 641.9953126315077,
  "eta_bar": 0.5495265197244976,
  "surfaces": [
    {
      "surface": "vane_wall",
      "face_count": 30877,
      "area_m2": 0.0015793395537671308,
      "Taw_area_weighted_K": 641.9953126315077,
      "eta_area_weighted": 0.5495265197244976
    }
  ],
  "sides": [
    {
      "side": "pressure",
      "face_count": 15855,
      "area_m2": 0.000701491580078983,
      "Taw_area_weighted_K": 658.3729557335025,
      "eta_area_weighted": 0.3969971255948163
    },
    {
      "side": "suction",
      "face_count": 15022,
      "area_m2": 0.0008778479736881417,
      "Taw_area_weighted_K": 628.9078771279352,
      "eta_area_weighted": 0.671413325758792
    }
  ],
  "lateral_profiles": {
    "pressure_X_over_Cax_0p31": {
      "rows": 61,
      "path": "eta_lateral_ps_xcax_0p31.csv",
      "tolerance": 0.01
    },
    "suction_X_over_Cax_0p48": {
      "rows": 61,
      "path": "eta_lateral_ss_xcax_0p48.csv",
      "tolerance": 0.01
    }
  }
}