{
  "field": "wall-temperature",
  "surfaces": [
    {
      "surface": "vane_wall",
      "count": 62574,
      "min": 483.7420654296875,
      "mean": 649.6120400720937,
      "p95": 700.3310546875,
      "max": 701.806396484375
    }
  ],
  "count": 62574,
  "min": 483.7420654296875,
  "mean": 649.6120400720937,
  "p95": 700.3310546875,
  "max": 701.806396484375
}