{
  "field": "y-plus",
  "surfaces": [
    {
      "surface": "vane_wall",
      "count": 62574,
      "min": 0.013824256137013435,
      "mean": 1.0609797692182297,
      "p95": 2.4067654609680176,
      "max": 3.4421303272247314
    }
  ],
  "count": 62574,
  "min": 0.013824256137013435,
  "mean": 1.0609797692182297,
  "p95": 2.4067654609680176,
  "max": 3.4421303272247314
}