{
  "field": "temperature",
  "surfaces": [
    {
      "surface": "vane_wall",
      "count": 74092,
      "min": 473.07989501953125,
      "mean": 655.5251522672773,
      "p95": 700.3089599609375,
      "max": 902.517822265625
    }
  ],
  "count": 74092,
  "min": 473.07989501953125,
  "mean": 655.5251522672773,
  "p95": 700.3089599609375,
  "max": 902.517822265625
}