{
  "field": "y-plus",
  "surfaces": [
    {
      "surface": "vane_wall",
      "count": 74092,
      "min": 0.004580599255859852,
      "mean": 0.4340787481211078,
      "p95": 1.1098713874816895,
      "max": 1.6224559545516968
    }
  ],
  "count": 74092,
  "min": 0.004580599255859852,
  "mean": 0.4340787481211078,
  "p95": 1.1098713874816895,
  "max": 1.6224559545516968
}