{
  "field": "wall-temperature",
  "surfaces": [
    {
      "surface": "vane_wall",
      "count": 74092,
      "min": 486.9417724609375,
      "mean": 655.5149210568594,
      "p95": 700.3071899414062,
      "max": 886.84765625
    }
  ],
  "count": 74092,
  "min": 486.9417724609375,
  "mean": 655.5149210568594,
  "p95": 700.3071899414062,
  "max": 886.84765625
}