{
  "field": "temperature",
  "surfaces": [
    {
      "surface": "vane_wall",
      "count": 54434,
      "min": 538.0045776367188,
      "mean": 565.5377237934051,
      "p95": 580.2750854492188,
      "max": 682.9698486328125
    }
  ],
  "count": 54434,
  "min": 538.0045776367188,
  "mean": 565.5377237934051,
  "p95": 580.2750854492188,
  "max": 682.9698486328125
}