{
  "field": "y-plus",
  "surfaces": [
    {
      "surface": "vane_wall",
      "count": 54434,
      "min": 0.05615291744470596,
      "mean": 4.36846237277654,
      "p95": 8.924148559570312,
      "max": 12.484562873840332
    }
  ],
  "count": 54434,
  "min": 0.05615291744470596,
  "mean": 4.36846237277654,
  "p95": 8.924148559570312,
  "max": 12.484562873840332
}