{
  "SS1_s": 0.2436241765445602,
  "SS2_s": 0.27588599092776295,
  "PS1_s": 0.2073283497899597,
  "PS2_s": 0.24931721441420235,
  "suction_angle_deg": 40.91818132663535,
  "pressure_angle_deg": 24.50087689612895
}
