{
  "mesh_in": "E:\\Work\\BOfm\\runs\\optimization\\pipeline_smoke\\LHS_0001\\L3_paper_mesh\\c3x_paper.msh.h5",
  "mesh_out": "E:\\Work\\BOfm\\runs\\optimization\\pipeline_smoke\\LHS_0001\\L3_paper_mesh\\c3x_paper_repaired1.msh.h5",
  "quality_limit": 0.05,
  "cores": 8,
  "precision": "single",
  "cell_count": 3555118,
  "before": {
    "Orthogonal Quality": [
      3555118,
      0.01542887734429699,
      0.9999999812666698,
      0.8154192853642009,
      0.0,
      0
    ],
    "Skewness": [
      3555118,
      1.19211541749209e-08,
      0.9845711226581769,
      0.1823971298052274,
      0.0,
      0
    ]
  },
  "improve_return": true,
  "after": {
    "Orthogonal Quality": [
      3555118,
      0.02136102471352708,
      0.9999999812666698,
      0.8154267312031689,
      0.0,
      0
    ],
    "Skewness": [
      3555118,
      1.19211541749209e-08,
      0.9786389752849385,
      0.1823710446518662,
      0.0,
      0
    ]
  },
  "mesh_out_exists": true,
  "mesh_out_bytes": 351151800,
  "status": "ok"
}