{
  "SS1_s": 0.255329204084681,
  "SS2_s": 0.27684090022535307,
  "PS1_s": 0.2126529374003558,
  "PS2_s": 0.23776962698842385,
  "suction_angle_deg": 38.452797728663626,
  "pressure_angle_deg": 25.055338365780166
}