{
  "available": true,
  "zones": {
    "inlet": {
      "mass_flow_kg_s": 0.2086871862411499,
      "raw": [
        0.2086871862411499,
        0
      ]
    },
    "outlet": {
      "mass_flow_kg_s": -0.2140098065137863,
      "raw": [
        -0.2140098065137863,
        0
      ]
    },
    "qian": {
      "mass_flow_kg_s": 0.001243347418494523,
      "raw": [
        0.001243347418494523,
        0
      ]
    },
    "ss": {
      "mass_flow_kg_s": 0.002611416857689619,
      "raw": [
        0.002611416857689619,
        0
      ]
    },
    "ps": {
      "mass_flow_kg_s": 0.001465511973947287,
      "raw": [
        0.001465511973947287,
        0
      ]
    }
  },
  "errors": [],
  "reference_targets": {
    "total_target_kg_s": 0.0053202756,
    "zones": {
      "qian": {
        "region": "showerhead",
        "target_kg_s": 0.0012433465
      },
      "ss": {
        "region": "suction",
        "target_kg_s": 0.0026114173
      },
      "ps": {
        "region": "pressure",
        "target_kg_s": 0.0014655118
      }
    }
  },
  "constraints": {
    "coolant_actual_kg_s": 0.005320276250131429,
    "coolant_target_kg_s": 0.0053202756,
    "coolant_mass_flow_ratio": 1.0000001221988253,
    "mass_imbalance_kg_s": -2.3440225049571432e-06,
    "zones": {
      "qian": {
        "actual_kg_s": 0.001243347418494523,
        "target_kg_s": 0.0012433465,
        "actual_over_target": 1.0000007387277183
      },
      "ss": {
        "actual_kg_s": 0.002611416857689619,
        "target_kg_s": 0.0026114173,
        "actual_over_target": 0.9999998306243966
      },
      "ps": {
        "actual_kg_s": 0.001465511973947287,
        "target_kg_s": 0.0014655118,
        "actual_over_target": 1.0000001186938836
      }
    }
  }
}