{
  "reference": "NASA CR-182133 Table VII, Ma2=0.90 column",
  "normalization": "CFD static pressure / inlet total pressure (285130 Pa)",
  "span_averaging": "face-area weighted within +/-0.5% surface distance",
  "point_count": 29,
  "mae": 0.022347156816040024,
  "rmse": 0.035113634895141604,
  "max_abs_error": 0.11576184094200742,
  "sides": {
    "pressure": {
      "point_count": 12,
      "mae": 0.005444709548226974,
      "rmse": 0.007153216718415651,
      "max_abs_error": 0.017774711520027853
    },
    "suction": {
      "point_count": 17,
      "mae": 0.03427829606390806,
      "rmse": 0.04546623258812841,
      "max_abs_error": 0.11576184094200742
    }
  }
}