{
  "field": "temperature",
  "surfaces": [
    {
      "surface": "vane_wall",
      "count": 51808,
      "min": 478.1294860839844,
      "mean": 646.6390914640137,
      "p95": 700.3272705078125,
      "max": 700.9908447265625
    }
  ],
  "count": 51808,
  "min": 478.1294860839844,
  "mean": 646.6390914640137,
  "p95": 700.3272705078125,
  "max": 700.9908447265625
}