{
  "field": "wall-temperature",
  "surfaces": [
    {
      "surface": "vane_wall",
      "count": 51808,
      "min": 478.1294250488281,
      "mean": 646.6599761852149,
      "p95": 700.3325805664062,
      "max": 700.9908447265625
    }
  ],
  "count": 51808,
  "min": 478.1294250488281,
  "mean": 646.6599761852149,
  "p95": 700.3325805664062,
  "max": 700.9908447265625
}