{
  "definition": "eta = (Tg_ref - Taw) / (Tg_ref - Tc_ref)",
  "averaging": "face-area weighted using the magnitude of Fluent face-area vectors",
  "Tg_ref_K": 701.0,
  "Tc_ref_K": 593.6263151083753,
  "face_count": 25721,
  "area_m2": 0.0015800355554874302,
  "Taw_area_weighted_K": 638.3108104204889,
  "eta_bar": 0.5838412795722306,
  "surfaces": [
    {
      "surface": "vane_wall",
      "face_count": 25721,
      "area_m2": 0.0015800355554874302,
      "Taw_area_weighted_K": 638.3108104204889,
      "eta_area_weighted": 0.5838412795722306
    }
  ],
  "sides": [
    {
      "side": "pressure",
      "face_count": 13307,
      "area_m2": 0.0007022303962221032,
      "Taw_area_weighted_K": 656.5686925477979,
      "eta_area_weighted": 0.41380071380663674
    },
    {
      "side": "suction",
      "face_count": 12414,
      "area_m2": 0.0008778051592653352,
      "Taw_area_weighted_K": 623.7047903201171,
      "eta_area_weighted": 0.7198710723013347
    }
  ],
  "lateral_profiles": {
    "pressure_X_over_Cax_0p31": {
      "rows": 61,
      "path": "eta_lateral_ps_xcax_0p31.csv",
      "tolerance": 0.01
    },
    "suction_X_over_Cax_0p48": {
      "rows": 61,
      "path": "eta_lateral_ss_xcax_0p48.csv",
      "tolerance": 0.01
    }
  }
}