{
  "definition": "eta = (Tg_ref - Taw) / (Tg_ref - Tc_ref)",
  "averaging": "face-area weighted using the magnitude of Fluent face-area vectors",
  "Tg_ref_K": 701.0,
  "Tc_ref_K": 593.6263151083753,
  "face_count": 17450,
  "area_m2": 0.0012231069131465168,
  "Taw_area_weighted_K": 626.6869252530475,
  "eta_bar": 0.6920976477798865,
  "surfaces": [
    {
      "surface": "vane_wall",
      "face_count": 17450,
      "area_m2": 0.0012231069131465168,
      "Taw_area_weighted_K": 626.6869252530475,
      "eta_area_weighted": 0.6920976477798865
    }
  ],
  "sides": [
    {
      "side": "pressure",
      "face_count": 8861,
      "area_m2": 0.00054698306408129,
      "Taw_area_weighted_K": 644.9516507608598,
      "eta_area_weighted": 0.5219933477714781
    },
    {
      "side": "suction",
      "face_count": 8589,
      "area_m2": 0.0006761238490652309,
      "Taw_area_weighted_K": 611.9107928378397,
      "eta_area_weighted": 0.8297117422400011
    }
  ],
  "region": "fixed downstream controllable area",
  "mask": {
    "pressure": "X/Cax >= 0.26530",
    "suction": "X/Cax >= 0.37638"
  },
  "fixed_across_designs": true,
  "note": "Thresholds are frozen at baseline first-variable-row axial stations."
}