{
  "field": "y-plus",
  "surfaces": [
    {
      "surface": "vane_wall",
      "count": 51808,
      "min": 0.06402337551116943,
      "mean": 4.250945150111287,
      "p95": 8.50146198272705,
      "max": 11.319780349731445
    }
  ],
  "count": 51808,
  "min": 0.06402337551116943,
  "mean": 4.250945150111287,
  "p95": 8.50146198272705,
  "max": 11.319780349731445
}