{
  "field": "temperature",
  "surfaces": [
    {
      "surface": "vane_wall",
      "count": 74092,
      "min": 477.9084167480469,
      "mean": 657.3911217051758,
      "p95": 700.3057250976562,
      "max": 887.1829833984375
    }
  ],
  "count": 74092,
  "min": 477.9084167480469,
  "mean": 657.3911217051758,
  "p95": 700.3057250976562,
  "max": 887.1829833984375
}