{
  "field": "y-plus",
  "surfaces": [
    {
      "surface": "vane_wall",
      "count": 74092,
      "min": 0.0041100261732935905,
      "mean": 0.4279495356540225,
      "p95": 1.1051843166351318,
      "max": 1.621212363243103
    }
  ],
  "count": 74092,
  "min": 0.0041100261732935905,
  "mean": 0.4279495356540225,
  "p95": 1.1051843166351318,
  "max": 1.621212363243103
}