{
  "field": "wall-temperature",
  "surfaces": [
    {
      "surface": "vane_wall",
      "count": 74092,
      "min": 488.59375,
      "mean": 657.4056778246542,
      "p95": 700.306396484375,
      "max": 854.56005859375
    }
  ],
  "count": 74092,
  "min": 488.59375,
  "mean": 657.4056778246542,
  "p95": 700.306396484375,
  "max": 854.56005859375
}