{
  "SS1_s": 0.2428718116078526,
  "SS2_s": 0.26666514787077905,
  "PS1_s": 0.19658955571614206,
  "PS2_s": 0.2517801522705704,
  "suction_angle_deg": 31.343974452465773,
  "pressure_angle_deg": 25.249675805680454
}