{
  "field": "temperature",
  "surfaces": [
    {
      "surface": "vane_wall",
      "count": 52951,
      "min": 465.4534606933594,
      "mean": 647.0603781099286,
      "p95": 700.3104248046875,
      "max": 700.9912719726562
    }
  ],
  "count": 52951,
  "min": 465.4534606933594,
  "mean": 647.0603781099286,
  "p95": 700.3104248046875,
  "max": 700.9912719726562
}