{
  "field": "wall-temperature",
  "surfaces": [
    {
      "surface": "vane_wall",
      "count": 52951,
      "min": 465.4534606933594,
      "mean": 647.085742414807,
      "p95": 700.318359375,
      "max": 700.9912719726562
    }
  ],
  "count": 52951,
  "min": 465.4534606933594,
  "mean": 647.085742414807,
  "p95": 700.318359375,
  "max": 700.9912719726562
}