{
  "field": "y-plus",
  "surfaces": [
    {
      "surface": "vane_wall",
      "count": 52951,
      "min": 0.0627361461520195,
      "mean": 4.2172282760764555,
      "p95": 8.45521354675293,
      "max": 11.365882873535156
    }
  ],
  "count": 52951,
  "min": 0.0627361461520195,
  "mean": 4.2172282760764555,
  "p95": 8.45521354675293,
  "max": 11.365882873535156
}