{
  "SS1_s": 0.24166763021051885,
  "SS2_s": 0.2713517213910818,
  "PS1_s": 0.21064888978749513,
  "PS2_s": 0.25063435127586126,
  "suction_angle_deg": 30.77472446486354,
  "pressure_angle_deg": 26.400274001061916
}