{
  "objective": 0.7023754827271168,
  "constraints": {
    "coolant_mass_ratio": 0.9999996498970186,
    "loss_ratio": 1.181262740219224
  },
  "metrics": {
    "whole_vane_eta_bar": 0.5924059577464373,
    "protected_area_m2": 0.001222362574511816,
    "coolant_actual_kg_s": 0.0053202760173007855,
    "delta_total_pressure_Pa": 25123.6592885298,
    "mass_imbalance_kg_s": 2.1356390789149023e-06,
    "continuity_residual": 0.0041534,
    "y_plus_p95": 8.36186408996582,
    "y_plus_max": 11.598114967346191,
    "converged_for_screening": true
  }
}