{
  "available": true,
  "zones": {
    "inlet": {
      "mass_flow_kg_s": 0.2087407112121582,
      "raw": [
        0.2087407112121582,
        0
      ]
    },
    "outlet": {
      "mass_flow_kg_s": -0.2140641063451767,
      "raw": [
        -0.2140641063451767,
        0
      ]
    },
    "qian": {
      "mass_flow_kg_s": 0.00124334660358727,
      "raw": [
        0.00124334660358727,
        0
      ]
    },
    "ss": {
      "mass_flow_kg_s": 0.002611418254673481,
      "raw": [
        0.002611418254673481,
        0
      ]
    },
    "ps": {
      "mass_flow_kg_s": 0.001465514418669045,
      "raw": [
        0.001465514418669045,
        0
      ]
    }
  },
  "errors": [],
  "reference_targets": {
    "total_target_kg_s": 0.0053202756,
    "zones": {
      "qian": {
        "region": "showerhead",
        "target_kg_s": 0.0012433465
      },
      "ss": {
        "region": "suction",
        "target_kg_s": 0.0026114173
      },
      "ps": {
        "region": "pressure",
        "target_kg_s": 0.0014655118
      }
    }
  },
  "constraints": {
    "coolant_actual_kg_s": 0.005320279276929796,
    "coolant_target_kg_s": 0.0053202756,
    "coolant_mass_flow_ratio": 1.0000006911164143,
    "mass_imbalance_kg_s": -3.1158560886979103e-06,
    "zones": {
      "qian": {
        "actual_kg_s": 0.00124334660358727,
        "target_kg_s": 0.0012433465,
        "actual_over_target": 1.000000083313276
      },
      "ss": {
        "actual_kg_s": 0.002611418254673481,
        "target_kg_s": 0.0026114173,
        "actual_over_target": 1.000000365576762
      },
      "ps": {
        "actual_kg_s": 0.001465514418669045,
        "target_kg_s": 0.0014655118,
        "actual_over_target": 1.0000017868631594
      }
    }
  }
}