{
  "field": "temperature",
  "surfaces": [
    {
      "surface": "vane_wall",
      "count": 51557,
      "min": 476.3098449707031,
      "mean": 647.669306889894,
      "p95": 700.3071899414062,
      "max": 701.1097412109375
    }
  ],
  "count": 51557,
  "min": 476.3098449707031,
  "mean": 647.669306889894,
  "p95": 700.3071899414062,
  "max": 701.1097412109375
}