{
  "definition": "eta = (Tg_ref - Taw) / (Tg_ref - Tc_ref)",
  "averaging": "face-area weighted using the magnitude of Fluent face-area vectors",
  "Tg_ref_K": 701.0,
  "Tc_ref_K": 593.6263151083753,
  "face_count": 25393,
  "area_m2": 0.001580126248971602,
  "Taw_area_weighted_K": 640.2452582411102,
  "eta_bar": 0.5658252468489682,
  "surfaces": [
    {
      "surface": "vane_wall",
      "face_count": 25393,
      "area_m2": 0.001580126248971602,
      "Taw_area_weighted_K": 640.2452582411102,
      "eta_area_weighted": 0.5658252468489682
    }
  ],
  "sides": [
    {
      "side": "pressure",
      "face_count": 13048,
      "area_m2": 0.0007022029658459426,
      "Taw_area_weighted_K": 658.9866364488882,
      "eta_area_weighted": 0.3912817520747367
    },
    {
      "side": "suction",
      "face_count": 12345,
      "area_m2": 0.00087792328312566,
      "Taw_area_weighted_K": 625.2550516769509,
      "eta_area_weighted": 0.705433071422443
    }
  ],
  "lateral_profiles": {
    "pressure_X_over_Cax_0p31": {
      "rows": 61,
      "path": "eta_lateral_ps_xcax_0p31.csv",
      "tolerance": 0.01
    },
    "suction_X_over_Cax_0p48": {
      "rows": 61,
      "path": "eta_lateral_ss_xcax_0p48.csv",
      "tolerance": 0.01
    }
  }
}