{
  "field": "y-plus",
  "surfaces": [
    {
      "surface": "vane_wall",
      "count": 51557,
      "min": 0.0751415342092514,
      "mean": 4.294142099014096,
      "p95": 8.516924858093262,
      "max": 11.625375747680664
    }
  ],
  "count": 51557,
  "min": 0.0751415342092514,
  "mean": 4.294142099014096,
  "p95": 8.516924858093262,
  "max": 11.625375747680664
}