{
  "field": "wall-temperature",
  "surfaces": [
    {
      "surface": "vane_wall",
      "count": 51557,
      "min": 476.3098449707031,
      "mean": 647.6987837663385,
      "p95": 700.3138427734375,
      "max": 701.1096801757812
    }
  ],
  "count": 51557,
  "min": 476.3098449707031,
  "mean": 647.6987837663385,
  "p95": 700.3138427734375,
  "max": 701.1096801757812
}