{
  "definition": "eta = (Tg_ref - Taw) / (Tg_ref - Tc_ref)",
  "averaging": "face-area weighted using the magnitude of Fluent face-area vectors",
  "Tg_ref_K": 701.0,
  "Tc_ref_K": 593.6263151083753,
  "face_count": 17931,
  "area_m2": 0.0012226274296491051,
  "Taw_area_weighted_K": 629.2560531435312,
  "eta_bar": 0.6681706689015978,
  "surfaces": [
    {
      "surface": "vane_wall",
      "face_count": 17931,
      "area_m2": 0.0012226274296491051,
      "Taw_area_weighted_K": 629.2560531435312,
      "eta_area_weighted": 0.6681706689015978
    }
  ],
  "sides": [
    {
      "side": "pressure",
      "face_count": 8745,
      "area_m2": 0.0005464862163413465,
      "Taw_area_weighted_K": 647.9597809960038,
      "eta_area_weighted": 0.49397782201042467
    },
    {
      "side": "suction",
      "face_count": 9186,
      "area_m2": 0.0006761412133077609,
      "Taw_area_weighted_K": 614.1389011871092,
      "eta_area_weighted": 0.8089607700486341
    }
  ],
  "region": "fixed downstream controllable area",
  "mask": {
    "pressure": "X/Cax >= 0.26530",
    "suction": "X/Cax >= 0.37638"
  },
  "fixed_across_designs": true,
  "note": "Thresholds are frozen at baseline first-variable-row axial stations."
}