{
  "field": "temperature",
  "surfaces": [
    {
      "surface": "vane_wall",
      "count": 59223,
      "min": 492.0689392089844,
      "mean": 1353.0585278184685,
      "p95": 1765.772705078125,
      "max": 1800.4254150390625
    }
  ],
  "count": 59223,
  "min": 492.0689392089844,
  "mean": 1353.0585278184685,
  "p95": 1765.772705078125,
  "max": 1800.4254150390625
}