{
  "field": "wall-temperature",
  "surfaces": [
    {
      "surface": "vane_wall",
      "count": 59223,
      "min": 492.0689392089844,
      "mean": 1353.1185039792535,
      "p95": 1765.81982421875,
      "max": 1814.892578125
    }
  ],
  "count": 59223,
  "min": 492.0689392089844,
  "mean": 1353.1185039792535,
  "p95": 1765.81982421875,
  "max": 1814.892578125
}