{
  "definition": "eta = (Tg_ref - Taw) / (Tg_ref - Tc_ref)",
  "averaging": "face-area weighted using the magnitude of Fluent face-area vectors",
  "Tg_ref_K": 1773.0,
  "Tc_ref_K": 591.0,
  "face_count": 29433,
  "area_m2": 0.0015817936429207992,
  "Taw_area_weighted_K": 1313.4007634345353,
  "eta_bar": 0.38883184142593374,
  "surfaces": [
    {
      "surface": "vane_wall",
      "face_count": 29433,
      "area_m2": 0.0015817936429207992,
      "Taw_area_weighted_K": 1313.4007634345353,
      "eta_area_weighted": 0.38883184142593374
    }
  ],
  "sides": [
    {
      "side": "pressure",
      "face_count": 14417,
      "area_m2": 0.0007043471315072197,
      "Taw_area_weighted_K": 1336.596970331845,
      "eta_area_weighted": 0.36920730090368653
    },
    {
      "side": "suction",
      "face_count": 15016,
      "area_m2": 0.0008774465114135827,
      "Taw_area_weighted_K": 1294.780617844544,
      "eta_area_weighted": 0.404584925681431
    }
  ],
  "lateral_profiles": {
    "pressure_X_over_Cax_0p31": {
      "rows": 61,
      "path": "eta_lateral_ps_xcax_0p31.csv",
      "tolerance": 0.01
    },
    "suction_X_over_Cax_0p48": {
      "rows": 61,
      "path": "eta_lateral_ss_xcax_0p48.csv",
      "tolerance": 0.01
    }
  }
}