{
  "field": "y-plus",
  "surfaces": [
    {
      "surface": "vane_wall",
      "count": 59223,
      "min": 0.028614256531000137,
      "mean": 0.9749864292339422,
      "p95": 2.1035194396972656,
      "max": 2.8337414264678955
    }
  ],
  "count": 59223,
  "min": 0.028614256531000137,
  "mean": 0.9749864292339422,
  "p95": 2.1035194396972656,
  "max": 2.8337414264678955
}