{
  "database": "E:\\Work\\BOfm\\runs\\optimization\\nasa_standard_mfbo_8d\\c3x_nasa_standard_mfbo_8d.sqlite3",
  "source": "stratified_startup",
  "baseline": {
    "objective": 0.682210488894674,
    "diameter_mm": 0.99,
    "span_count": 5
  },
  "completed_8d_trials": 4,
  "incremental_relative_cost": 0.8,
  "best": {
    "trial_id": 13,
    "candidate": "N7",
    "fidelity": "L2",
    "source": "stratified_startup",
    "diameter_mm": 1.016863599403518,
    "span_count": 7,
    "open_area_ratio": 1.4770086845307924,
    "objective": 0.7490179049407979,
    "change_vs_baseline_pct": 9.792786410300746,
    "whole_vane_eta_bar": 0.6270318886536164,
    "coolant_mass_ratio": 0.9999996280155821,
    "continuity_residual": 0.0038481,
    "y_plus_p95": 8.405417442321777,
    "y_plus_max": 11.5065336227417,
    "relative_cost": 0.2,
    "run_dir": "E:\\Work\\BOfm\\runs\\optimization\\nasa_standard_mfbo_8d\\trials\\trial_0013_L2"
  },
  "trials": [
    {
      "trial_id": 10,
      "candidate": "N4",
      "fidelity": "L2",
      "source": "stratified_startup",
      "diameter_mm": 0.8925388220760736,
      "span_count": 4,
      "open_area_ratio": 0.6502402194983736,
      "objective": 0.6055034944018036,
      "change_vs_baseline_pct": -11.243889641326387,
      "whole_vane_eta_bar": 0.5172599090362302,
      "coolant_mass_ratio": 1.000000547035909,
      "continuity_residual": 0.0037392,
      "y_plus_p95": 8.634612083435059,
      "y_plus_max": 12.256352424621582,
      "relative_cost": 0.2,
      "run_dir": "E:\\Work\\BOfm\\runs\\optimization\\nasa_standard_mfbo_8d\\trials\\trial_0010_L2"
    },
    {
      "trial_id": 11,
      "candidate": "N5",
      "fidelity": "L2",
      "source": "stratified_startup",
      "diameter_mm": 0.9624165317496627,
      "span_count": 5,
      "open_area_ratio": 0.9450521177278334,
      "objective": 0.6782376717880854,
      "change_vs_baseline_pct": -0.582344770603771,
      "whole_vane_eta_bar": 0.574040699457874,
      "coolant_mass_ratio": 0.999999868711382,
      "continuity_residual": 0.0043986,
      "y_plus_p95": 8.45521354675293,
      "y_plus_max": 11.365882873535156,
      "relative_cost": 0.2,
      "run_dir": "E:\\Work\\BOfm\\runs\\optimization\\nasa_standard_mfbo_8d\\trials\\trial_0011_L2"
    },
    {
      "trial_id": 12,
      "candidate": "N6",
      "fidelity": "L2",
      "source": "stratified_startup",
      "diameter_mm": 1.0008695955207707,
      "span_count": 6,
      "open_area_ratio": 1.2264951909861173,
      "objective": 0.7185310626214215,
      "change_vs_baseline_pct": 5.323954163412914,
      "whole_vane_eta_bar": 0.6028546020640807,
      "coolant_mass_ratio": 0.9999992341497277,
      "continuity_residual": 0.0038342,
      "y_plus_p95": 8.486544609069824,
      "y_plus_max": 11.636385917663574,
      "relative_cost": 0.2,
      "run_dir": "E:\\Work\\BOfm\\runs\\optimization\\nasa_standard_mfbo_8d\\trials\\trial_0012_L2"
    },
    {
      "trial_id": 13,
      "candidate": "N7",
      "fidelity": "L2",
      "source": "stratified_startup",
      "diameter_mm": 1.016863599403518,
      "span_count": 7,
      "open_area_ratio": 1.4770086845307924,
      "objective": 0.7490179049407979,
      "change_vs_baseline_pct": 9.792786410300746,
      "whole_vane_eta_bar": 0.6270318886536164,
      "coolant_mass_ratio": 0.9999996280155821,
      "continuity_residual": 0.0038481,
      "y_plus_p95": 8.405417442321777,
      "y_plus_max": 11.5065336227417,
      "relative_cost": 0.2,
      "run_dir": "E:\\Work\\BOfm\\runs\\optimization\\nasa_standard_mfbo_8d\\trials\\trial_0013_L2"
    }
  ],
  "interpretation_note": "Open-area ratio is descriptive only because the other six design variables also vary between startup points."
}