{
  "mesh_in": "E:\\Work\\BOfm\\runs\\optimization\\nasa_standard_mfbo\\trials\\trial_0010_L3\\c3x_paper.msh.h5",
  "mesh_out": "E:\\Work\\BOfm\\runs\\optimization\\nasa_standard_mfbo\\trials\\trial_0010_L3\\c3x_paper_repaired1.msh.h5",
  "quality_limit": 0.05,
  "cores": 8,
  "precision": "single",
  "cell_count": 3675520,
  "before": {
    "Orthogonal Quality": [
      3675520,
      0.01205328512990123,
      0.9999999792741088,
      0.8129951892818192,
      0.0,
      0
    ],
    "Skewness": [
      3675520,
      4.942205755753548e-09,
      0.9879467148712242,
      0.1848804780692871,
      0.0,
      0
    ]
  },
  "improve_return": true,
  "after": {
    "Orthogonal Quality": [
      3675520,
      0.02117292063951348,
      0.9999999792741088,
      0.8130051903826122,
      0.0,
      0
    ],
    "Skewness": [
      3675520,
      4.942205755753548e-09,
      0.9788270793604865,
      0.1848484036379838,
      0.0,
      0
    ]
  },
  "mesh_out_exists": true,
  "mesh_out_bytes": 363584294,
  "status": "ok"
}