{
  "available": true,
  "zones": {
    "inlet": {
      "mass_flow_kg_s": 0.2091574092530339,
      "raw": [
        0.2091574092530339,
        0
      ]
    },
    "outlet": {
      "mass_flow_kg_s": -0.2144779950710924,
      "raw": [
        -0.2144779950710924,
        0
      ]
    },
    "qian": {
      "mass_flow_kg_s": 0.001243346499999999,
      "raw": [
        0.001243346499999999,
        0
      ]
    },
    "ss": {
      "mass_flow_kg_s": 0.002611417300000005,
      "raw": [
        0.002611417300000005,
        0
      ]
    },
    "ps": {
      "mass_flow_kg_s": 0.001465511799999999,
      "raw": [
        0.001465511799999999,
        0
      ]
    }
  },
  "errors": [],
  "reference_targets": {
    "total_target_kg_s": 0.0053202756,
    "zones": {
      "qian": {
        "region": "showerhead",
        "target_kg_s": 0.0012433465
      },
      "ss": {
        "region": "suction",
        "target_kg_s": 0.0026114173
      },
      "ps": {
        "region": "pressure",
        "target_kg_s": 0.0014655118
      }
    }
  },
  "constraints": {
    "coolant_actual_kg_s": 0.005320275600000003,
    "coolant_target_kg_s": 0.0053202756,
    "coolant_mass_flow_ratio": 1.0000000000000004,
    "mass_imbalance_kg_s": -3.1021805849563294e-07,
    "zones": {
      "qian": {
        "actual_kg_s": 0.001243346499999999,
        "target_kg_s": 0.0012433465,
        "actual_over_target": 0.9999999999999993
      },
      "ss": {
        "actual_kg_s": 0.002611417300000005,
        "target_kg_s": 0.0026114173,
        "actual_over_target": 1.0000000000000018
      },
      "ps": {
        "actual_kg_s": 0.001465511799999999,
        "target_kg_s": 0.0014655118,
        "actual_over_target": 0.9999999999999994
      }
    }
  }
}