{
  "reference": "NASA CR-182133 Table VII, Ma2=0.90 column",
  "normalization": "CFD static pressure / inlet total pressure (285130 Pa)",
  "span_averaging": "face-area weighted within +/-0.5% surface distance",
  "point_count": 29,
  "mae": 0.021537237571607103,
  "rmse": 0.03349136866942503,
  "max_abs_error": 0.1092172391902339,
  "sides": {
    "pressure": {
      "point_count": 12,
      "mae": 0.006394498157607721,
      "rmse": 0.008697764877730883,
      "max_abs_error": 0.02143542718204261
    },
    "suction": {
      "point_count": 17,
      "mae": 0.03222623009913608,
      "rmse": 0.043128172939554135,
      "max_abs_error": 0.1092172391902339
    }
  }
}