{
  "field": "temperature",
  "surfaces": [
    {
      "surface": "vane_wall",
      "count": 53690,
      "min": 472.8912353515625,
      "mean": 651.8464029466669,
      "p95": 700.26318359375,
      "max": 701.006103515625
    }
  ],
  "count": 53690,
  "min": 472.8912353515625,
  "mean": 651.8464029466669,
  "p95": 700.26318359375,
  "max": 701.006103515625
}