{
  "field": "wall-temperature",
  "surfaces": [
    {
      "surface": "vane_wall",
      "count": 53690,
      "min": 472.8912353515625,
      "mean": 651.8471504084956,
      "p95": 700.266845703125,
      "max": 701.006103515625
    }
  ],
  "count": 53690,
  "min": 472.8912353515625,
  "mean": 651.8471504084956,
  "p95": 700.266845703125,
  "max": 701.006103515625
}