{
  "definition": "eta = (Tg_ref - Taw) / (Tg_ref - Tc_ref)",
  "averaging": "face-area weighted using the magnitude of Fluent face-area vectors",
  "Tg_ref_K": 701.0,
  "Tc_ref_K": 593.6263151083753,
  "face_count": 26831,
  "area_m2": 0.0015767645276832843,
  "Taw_area_weighted_K": 648.162605253873,
  "eta_bar": 0.49208886515775224,
  "surfaces": [
    {
      "surface": "vane_wall",
      "face_count": 26831,
      "area_m2": 0.0015767645276832843,
      "Taw_area_weighted_K": 648.162605253873,
      "eta_area_weighted": 0.49208886515775224
    }
  ],
  "sides": [
    {
      "side": "pressure",
      "face_count": 13677,
      "area_m2": 0.0007008585363193138,
      "Taw_area_weighted_K": 659.9822211384625,
      "eta_area_weighted": 0.38200960414964313
    },
    {
      "side": "suction",
      "face_count": 13154,
      "area_m2": 0.0008759059913639732,
      "Taw_area_weighted_K": 638.705107793639,
      "eta_area_weighted": 0.5801690821101612
    }
  ],
  "lateral_profiles": {
    "pressure_X_over_Cax_0p31": {
      "rows": 61,
      "path": "eta_lateral_ps_xcax_0p31.csv",
      "tolerance": 0.01
    },
    "suction_X_over_Cax_0p48": {
      "rows": 61,
      "path": "eta_lateral_ss_xcax_0p48.csv",
      "tolerance": 0.01
    }
  }
}