{
  "definition": "eta = (Tg_ref - Taw) / (Tg_ref - Tc_ref)",
  "averaging": "face-area weighted using the magnitude of Fluent face-area vectors",
  "Tg_ref_K": 701.0,
  "Tc_ref_K": 593.6263151083753,
  "face_count": 17802,
  "area_m2": 0.0012221297189749826,
  "Taw_area_weighted_K": 639.0888004885151,
  "eta_bar": 0.576595648868449,
  "surfaces": [
    {
      "surface": "vane_wall",
      "face_count": 17802,
      "area_m2": 0.0012221297189749826,
      "Taw_area_weighted_K": 639.0888004885151,
      "eta_area_weighted": 0.576595648868449
    }
  ],
  "sides": [
    {
      "side": "pressure",
      "face_count": 8980,
      "area_m2": 0.0005458618340944685,
      "Taw_area_weighted_K": 649.233856028577,
      "eta_area_weighted": 0.48211201863540043
    },
    {
      "side": "suction",
      "face_count": 8822,
      "area_m2": 0.0006762678848805128,
      "Taw_area_weighted_K": 630.9000357284324,
      "eta_area_weighted": 0.652859817024281
    }
  ],
  "region": "fixed downstream controllable area",
  "mask": {
    "pressure": "X/Cax >= 0.26530",
    "suction": "X/Cax >= 0.37638"
  },
  "fixed_across_designs": true,
  "note": "Thresholds are frozen at baseline first-variable-row axial stations."
}