{
  "field": "y-plus",
  "surfaces": [
    {
      "surface": "vane_wall",
      "count": 53690,
      "min": 0.04832480847835541,
      "mean": 3.9721528767088583,
      "p95": 8.367399215698242,
      "max": 11.701462745666504
    }
  ],
  "count": 53690,
  "min": 0.04832480847835541,
  "mean": 3.9721528767088583,
  "p95": 8.367399215698242,
  "max": 11.701462745666504
}