{
  "field": "temperature",
  "surfaces": [
    {
      "surface": "vane_wall",
      "count": 51988,
      "min": 462.0943603515625,
      "mean": 1327.1131591315525,
      "p95": 1761.1790771484375,
      "max": 1774.9522705078125
    }
  ],
  "count": 51988,
  "min": 462.0943603515625,
  "mean": 1327.1131591315525,
  "p95": 1761.1790771484375,
  "max": 1774.9522705078125
}