{
  "definition": "eta = (Tg_ref - Taw) / (Tg_ref - Tc_ref)",
  "averaging": "face-area weighted using the magnitude of Fluent face-area vectors",
  "Tg_ref_K": 1773.0,
  "Tc_ref_K": 591.0,
  "face_count": 25977,
  "area_m2": 0.001581106374488473,
  "Taw_area_weighted_K": 1281.0830590130802,
  "eta_bar": 0.4161733849297068,
  "surfaces": [
    {
      "surface": "vane_wall",
      "face_count": 25977,
      "area_m2": 0.001581106374488473,
      "Taw_area_weighted_K": 1281.0830590130802,
      "eta_area_weighted": 0.4161733849297068
    }
  ],
  "sides": [
    {
      "side": "pressure",
      "face_count": 12819,
      "area_m2": 0.0007046770163471438,
      "Taw_area_weighted_K": 1346.4429829347096,
      "eta_area_weighted": 0.3608773410027854
    },
    {
      "side": "suction",
      "face_count": 13158,
      "area_m2": 0.0008764293581413287,
      "Taw_area_weighted_K": 1228.5316060637724,
      "eta_area_weighted": 0.4606331589985026
    }
  ],
  "lateral_profiles": {
    "pressure_X_over_Cax_0p31": {
      "rows": 61,
      "path": "eta_lateral_ps_xcax_0p31.csv",
      "tolerance": 0.01
    },
    "suction_X_over_Cax_0p48": {
      "rows": 61,
      "path": "eta_lateral_ss_xcax_0p48.csv",
      "tolerance": 0.01
    }
  }
}