{
  "field": "wall-temperature",
  "surfaces": [
    {
      "surface": "vane_wall",
      "count": 51988,
      "min": 462.09429931640625,
      "mean": 1327.1257110593356,
      "p95": 1761.2113037109375,
      "max": 1774.952392578125
    }
  ],
  "count": 51988,
  "min": 462.09429931640625,
  "mean": 1327.1257110593356,
  "p95": 1761.2113037109375,
  "max": 1774.952392578125
}