{
  "field": "y-plus",
  "surfaces": [
    {
      "surface": "vane_wall",
      "count": 51988,
      "min": 0.0955178439617157,
      "mean": 3.535965984821637,
      "p95": 6.610990047454834,
      "max": 8.495183944702148
    }
  ],
  "count": 51988,
  "min": 0.0955178439617157,
  "mean": 3.535965984821637,
  "p95": 6.610990047454834,
  "max": 8.495183944702148
}