{
  "available": true,
  "zones": {
    "inlet": {
      "mass_flow_kg_s": 0.2019610852003098,
      "raw": [
        0.2019610852003098,
        0
      ]
    },
    "outlet": {
      "mass_flow_kg_s": -0.2065152823925018,
      "raw": [
        -0.2065152823925018,
        0
      ]
    },
    "qian": {
      "mass_flow_kg_s": 0.001023120130412281,
      "raw": [
        0.001023120130412281,
        0
      ]
    },
    "ss": {
      "mass_flow_kg_s": 0.002366681583225727,
      "raw": [
        0.002366681583225727,
        0
      ]
    },
    "ps": {
      "mass_flow_kg_s": 0.001111674588173628,
      "raw": [
        0.001111674588173628,
        0
      ]
    }
  },
  "errors": [],
  "reference_targets": {
    "total_target_kg_s": 0.0053202756,
    "zones": {
      "qian": {
        "region": "showerhead",
        "target_kg_s": 0.0012433465
      },
      "ss": {
        "region": "suction",
        "target_kg_s": 0.0026114173
      },
      "ps": {
        "region": "pressure",
        "target_kg_s": 0.0014655118
      }
    }
  },
  "constraints": {
    "coolant_actual_kg_s": 0.004501476301811636,
    "coolant_target_kg_s": 0.0053202756,
    "coolant_mass_flow_ratio": 0.8460983302841748,
    "mass_imbalance_kg_s": -5.2720890380358225e-05,
    "zones": {
      "qian": {
        "actual_kg_s": 0.001023120130412281,
        "target_kg_s": 0.0012433465,
        "actual_over_target": 0.8228761092843234
      },
      "ss": {
        "actual_kg_s": 0.002366681583225727,
        "target_kg_s": 0.0026114173,
        "actual_over_target": 0.9062824173010292
      },
      "ps": {
        "actual_kg_s": 0.001111674588173628,
        "target_kg_s": 0.0014655118,
        "actual_over_target": 0.7585572413498329
      }
    }
  }
}