{
  "field": "temperature",
  "surfaces": [
    {
      "surface": "vane_wall",
      "count": 34676,
      "min": 510.927978515625,
      "mean": 644.3530694493127,
      "p95": 696.1761474609375,
      "max": 700.9658813476562
    }
  ],
  "count": 34676,
  "min": 510.927978515625,
  "mean": 644.3530694493127,
  "p95": 696.1761474609375,
  "max": 700.9658813476562
}