{
  "field": "y-plus",
  "surfaces": [
    {
      "surface": "vane_wall",
      "count": 34676,
      "min": 4.067687511444092,
      "mean": 32.52313349818754,
      "p95": 51.54108810424805,
      "max": 68.28389739990234
    }
  ],
  "count": 34676,
  "min": 4.067687511444092,
  "mean": 32.52313349818754,
  "p95": 51.54108810424805,
  "max": 68.28389739990234
}