{
  "field": "wall-temperature",
  "surfaces": [
    {
      "surface": "vane_wall",
      "count": 34676,
      "min": 510.927978515625,
      "mean": 644.3730209611089,
      "p95": 696.10498046875,
      "max": 700.9738159179688
    }
  ],
  "count": 34676,
  "min": 510.927978515625,
  "mean": 644.3730209611089,
  "p95": 696.10498046875,
  "max": 700.9738159179688
}