{
  "case": "E:\\Work\\BOfm\\runs\\kumar_validation\\paper\\kumar_case1_paper_iter1000.cas.h5",
  "data": "E:\\Work\\BOfm\\runs\\kumar_validation\\paper\\kumar_case1_paper_iter1000.dat.h5",
  "temperature_dataset": "results/1/phase-1/cells/SV_T/1",
  "threshold_K": 4999.0,
  "temperature_statistics_K": {
    "min": 195.85426330566406,
    "mean": 1308.58935546875,
    "max": 5000.0,
    "count_at_or_above_threshold": 3,
    "count_at_or_above_4999_K": 3
  },
  "centroid_note": "Locations are vertex means reconstructed from HDF5 connectivity.",
  "cells": [
    {
      "array_index": 958712,
      "cell_id": 958713,
      "cell_zone_id": 319,
      "cell_zone_name": "fixed_fluid_domain",
      "temperature_K": 5000.0,
      "face_count": 11,
      "node_count": 29,
      "x_vertex_mean_m": 0.0011753407968820575,
      "y_vertex_mean_m": 0.11425853467654307,
      "z_vertex_mean_m": 0.009258220520051099,
      "x_min_m": -6.774796340768986e-05,
      "y_min_m": 0.1051587387919426,
      "z_min_m": 0.0015985962846519377,
      "x_max_m": 0.002308616066616463,
      "y_max_m": 0.1263978709519889,
      "z_max_m": 0.01484999991953373,
      "x_extent_mm": 2.376364030024153,
      "y_extent_mm": 21.239132160046303,
      "z_extent_mm": 13.251403634881791
    },
    {
      "array_index": 958174,
      "cell_id": 958175,
      "cell_zone_id": 319,
      "cell_zone_name": "fixed_fluid_domain",
      "temperature_K": 5000.0,
      "face_count": 21,
      "node_count": 23,
      "x_vertex_mean_m": -0.0006185924163717134,
      "y_vertex_mean_m": 0.10733383381130034,
      "z_vertex_mean_m": 0.0032749254051822915,
      "x_min_m": -0.0027742702027126155,
      "y_min_m": 0.10501019159952799,
      "z_min_m": 0.0,
      "x_max_m": 0.0008008117923357834,
      "y_max_m": 0.11143741559705846,
      "z_max_m": 0.010454461456811424,
      "x_extent_mm": 3.5750819950483987,
      "y_extent_mm": 6.42722399753047,
      "z_extent_mm": 10.454461456811424
    },
    {
      "array_index": 958136,
      "cell_id": 958137,
      "cell_zone_id": 319,
      "cell_zone_name": "fixed_fluid_domain",
      "temperature_K": 5000.0,
      "face_count": 28,
      "node_count": 26,
      "x_vertex_mean_m": -0.0001647465429207757,
      "y_vertex_mean_m": 0.10903792555785582,
      "z_vertex_mean_m": 0.004346698852027844,
      "x_min_m": -0.0037116734687016265,
      "y_min_m": 0.09945644784215499,
      "z_min_m": 0.0,
      "x_max_m": 0.0018663879406328001,
      "y_max_m": 0.12006898286791806,
      "z_max_m": 0.011604107173645411,
      "x_extent_mm": 5.578061409334426,
      "y_extent_mm": 20.612535025763073,
      "z_extent_mm": 11.604107173645412
    }
  ]
}