{
  "field": "temperature",
  "surfaces": [
    {
      "surface": "vane_wall",
      "count": 59625,
      "min": 496.4047546386719,
      "mean": 1356.3730523530653,
      "p95": 1766.11181640625,
      "max": 3283.80419921875
    }
  ],
  "count": 59625,
  "min": 496.4047546386719,
  "mean": 1356.3730523530653,
  "p95": 1766.11181640625,
  "max": 3283.80419921875
}