{
  "field": "y-plus",
  "surfaces": [
    {
      "surface": "vane_wall",
      "count": 59625,
      "min": 0.02020261250436306,
      "mean": 0.96780970071353,
      "p95": 2.1283199787139893,
      "max": 2.8760857582092285
    }
  ],
  "count": 59625,
  "min": 0.02020261250436306,
  "mean": 0.96780970071353,
  "p95": 2.1283199787139893,
  "max": 2.8760857582092285
}