{
  "field": "wall-temperature",
  "surfaces": [
    {
      "surface": "vane_wall",
      "count": 59625,
      "min": 496.40478515625,
      "mean": 1356.3273045958833,
      "p95": 1766.1263427734375,
      "max": 3342.09228515625
    }
  ],
  "count": 59625,
  "min": 496.40478515625,
  "mean": 1356.3273045958833,
  "p95": 1766.1263427734375,
  "max": 3342.09228515625
}