{
  "field": "temperature",
  "surfaces": [
    {
      "surface": "vane_wall",
      "count": 54434,
      "min": 547.680908203125,
      "mean": 565.2192693056417,
      "p95": 576.9866943359375,
      "max": 676.1048583984375
    }
  ],
  "count": 54434,
  "min": 547.680908203125,
  "mean": 565.2192693056417,
  "p95": 576.9866943359375,
  "max": 676.1048583984375
}