{
  "field": "wall-temperature",
  "surfaces": [
    {
      "surface": "vane_wall",
      "count": 54434,
      "min": 553.7898559570312,
      "mean": 553.7899780654669,
      "p95": 553.7900390625,
      "max": 553.7901000976562
    }
  ],
  "count": 54434,
  "min": 553.7898559570312,
  "mean": 553.7899780654669,
  "p95": 553.7900390625,
  "max": 553.7901000976562
}