{
  "field": "y-plus",
  "surfaces": [
    {
      "surface": "vane_wall",
      "count": 54434,
      "min": 0.04801299422979355,
      "mean": 4.320939375043888,
      "p95": 8.880300521850586,
      "max": 12.48142147064209
    }
  ],
  "count": 54434,
  "min": 0.04801299422979355,
  "mean": 4.320939375043888,
  "p95": 8.880300521850586,
  "max": 12.48142147064209
}