{
  "field": "temperature",
  "surfaces": [
    {
      "surface": "vane_wall",
      "count": 56729,
      "min": 492.03790283203125,
      "mean": 649.6355157638437,
      "p95": 700.36669921875,
      "max": 701.8401489257812
    }
  ],
  "count": 56729,
  "min": 492.03790283203125,
  "mean": 649.6355157638437,
  "p95": 700.36669921875,
  "max": 701.8401489257812
}