{
  "field": "wall-temperature",
  "surfaces": [
    {
      "surface": "vane_wall",
      "count": 56729,
      "min": 492.03790283203125,
      "mean": 649.6651451873255,
      "p95": 700.3711547851562,
      "max": 701.848876953125
    }
  ],
  "count": 56729,
  "min": 492.03790283203125,
  "mean": 649.6651451873255,
  "p95": 700.3711547851562,
  "max": 701.848876953125
}