{
  "definition": "eta = (Tg_ref - Taw) / (Tg_ref - Tc_ref)",
  "averaging": "face-area weighted using the magnitude of Fluent face-area vectors",
  "Tg_ref_K": 701.0,
  "Tc_ref_K": 593.6263151083753,
  "face_count": 28046,
  "area_m2": 0.0015823842991835653,
  "Taw_area_weighted_K": 640.9347370927878,
  "eta_bar": 0.5594039449036423,
  "surfaces": [
    {
      "surface": "vane_wall",
      "face_count": 28046,
      "area_m2": 0.0015823842991835653,
      "Taw_area_weighted_K": 640.9347370927878,
      "eta_area_weighted": 0.5594039449036423
    }
  ],
  "sides": [
    {
      "side": "pressure",
      "face_count": 14758,
      "area_m2": 0.0007032994954859154,
      "Taw_area_weighted_K": 657.7606661233593,
      "eta_area_weighted": 0.40269954337777086
    },
    {
      "side": "suction",
      "face_count": 13288,
      "area_m2": 0.0008790848036976413,
      "Taw_area_weighted_K": 627.4733880300992,
      "eta_area_weighted": 0.684773108458745
    }
  ],
  "lateral_profiles": {
    "pressure_X_over_Cax_0p31": {
      "rows": 61,
      "path": "eta_lateral_ps_xcax_0p31.csv",
      "tolerance": 0.01
    },
    "suction_X_over_Cax_0p48": {
      "rows": 61,
      "path": "eta_lateral_ss_xcax_0p48.csv",
      "tolerance": 0.01
    }
  }
}