{
  "field": "y-plus",
  "surfaces": [
    {
      "surface": "vane_wall",
      "count": 56729,
      "min": 0.028865912929177284,
      "mean": 1.153682440227799,
      "p95": 2.43637752532959,
      "max": 3.463991165161133
    }
  ],
  "count": 56729,
  "min": 0.028865912929177284,
  "mean": 1.153682440227799,
  "p95": 2.43637752532959,
  "max": 3.463991165161133
}