{
  "cavities": [
    {
      "centroid_xy_mm": [
        25.949328617659834, 
        124.64871848430266
      ], 
      "profile_xy_mm": [
        [
          23.722507554656552, 
          124.30318563005441
        ], 
        [
          24.20626323101672, 
          123.83094448869831
        ], 
        [
          24.690018907376885, 
          123.3587033473422
        ], 
        [
          25.17377458373705, 
          122.88646220598609
        ], 
        [
          25.657530260097218, 
          122.41422106462998
        ], 
        [
          26.141285936457383, 
          121.94197992327388
        ], 
        [
          26.625041612817547, 
          121.46973878191777
        ], 
        [
          27.108797289177712, 
          120.99749764056168
        ], 
        [
          27.592552965537877, 
          120.52525649920557
        ], 
        [
          28.076308641898045, 
          120.05301535784946
        ], 
        [
          28.56006431825821, 
          119.58077421649335
        ], 
        [
          28.71747803204358, 
          119.7420261086134
        ], 
        [
          28.87489174582895, 
          119.90327800073345
        ], 
        [
          29.032305459614321, 
          120.06452989285351
        ], 
        [
          29.189719173399688, 
          120.22578178497358
        ], 
        [
          29.347132887185055, 
          120.38703367709363
        ], 
        [
          29.504546600970425, 
          120.54828556921368
        ], 
        [
          29.661960314755792, 
          120.70953746133374
        ], 
        [
          29.819374028541162, 
          120.87078935345379
        ], 
        [
          29.976787742326533, 
          121.03204124557385
        ], 
        [
          30.134201456111896, 
          121.1932931376939
        ], 
        [
          30.291615169897266, 
          121.35454502981395
        ], 
        [
          30.449028883682633, 
          121.51579692193401
        ], 
        [
          30.606442597468003, 
          121.67704881405407
        ], 
        [
          30.763856311253374, 
          121.83830070617412
        ], 
        [
          30.921270025038741, 
          121.99955259829417
        ], 
        [
          31.078683738824108, 
          122.16080449041424
        ], 
        [
          30.594928062463943, 
          122.63304563177034
        ], 
        [
          30.111172386103775, 
          123.10528677312645
        ], 
        [
          29.62741670974361, 
          123.57752791448254
        ], 
        [
          29.143661033383442, 
          124.04976905583865
        ], 
        [
          28.659905357023273, 
          124.52201019719476
        ], 
        [
          28.176149680663109, 
          124.99425133855087
        ], 
        [
          27.69239400430294, 
          125.46649247990699
        ], 
        [
          27.208638327942772, 
          125.9387336212631
        ], 
        [
          26.724882651582607, 
          126.4109747626192
        ], 
        [
          26.241126975222443, 
          126.8832159039753
        ], 
        [
          25.757371298862275, 
          127.35545704533141
        ], 
        [
          25.27361562250211, 
          127.82769818668751
        ], 
        [
          24.789859946141942, 
          128.29993932804362
        ], 
        [
          24.306104269781773, 
          128.77218046939973
        ], 
        [
          23.822348593421609, 
          129.24442161075584
        ], 
        [
          23.33859291706144, 
          129.71666275211194
        ], 
        [
          23.181179203276088, 
          129.55541085999187
        ], 
        [
          23.023765489490717, 
          129.39415896787182
        ], 
        [
          22.866351775705347, 
          129.23290707575174
        ], 
        [
          22.708938061919977, 
          129.07165518363169
        ], 
        [
          22.551524348134606, 
          128.91040329151161
        ], 
        [
          22.394110634349239, 
          128.74915139939159
        ], 
        [
          22.236696920563869, 
          128.58789950727154
        ], 
        [
          22.0792832067785, 
          128.42664761515147
        ], 
        [
          21.921869492993128, 
          128.26539572303142
        ], 
        [
          21.764455779207758, 
          128.10414383091134
        ], 
        [
          21.607042065422391, 
          127.94289193879129
        ], 
        [
          21.449628351637021, 
          127.78164004667126
        ], 
        [
          21.29221463785165, 
          127.62038815455118
        ], 
        [
          21.13480092406628, 
          127.45913626243113
        ], 
        [
          20.977387210280909, 
          127.29788437031105
        ], 
        [
          20.81997349649556, 
          127.13663247819105
        ], 
        [
          21.303729172855725, 
          126.66439133683494
        ], 
        [
          21.787484849215893, 
          126.19215019547883
        ], 
        [
          22.271240525576058, 
          125.71990905412272
        ], 
        [
          22.754996201936223, 
          125.24766791276662
        ], 
        [
          23.238751878296387, 
          124.77542677141051
        ]
      ], 
      "role": "SS_plenum", 
      "name": "SS_plenum", 
      "bbox_xy_mm": [
        20.819973496495543, 
        119.58077421649335, 
        31.078683738824108, 
        129.71666275211194
      ]
    }, 
    {
      "centroid_xy_mm": [
        21.6495370323096, 
        93.766160973197913
      ],