id,inside_airfoil,centroid_x_mm,centroid_y_mm,bbox_min_x_mm,bbox_min_y_mm,bbox_max_x_mm,bbox_max_y_mm,bbox_width_x_mm,bbox_height_y_mm,area_mm2,equiv_diameter_mm,major_length_mm,minor_width_mm,major_axis_angle_deg,recommended_span_mm,vertices_xy_mm
fig10_upper_le_cavity,True,10.657379387109092,123.19863995269368,5.3,120.0,16.1,126.1,10.8,6.099999999999994,47.915000000000305,7.810715254442816,11.557596592698992,5.049769785066575,-169.1667061552871,77.22,"[[5.5,120.0],[15.8,121.8],[16.1,126.1],[6.7,125.2],[5.3,122.7]]"
fig10_pressure_le_cavity,True,11.469940385975544,106.44704455895724,4.6,100.9,18.4,112.3,13.799999999999999,11.399999999999991,98.96999999999994,11.225529731038932,15.811406230018552,8.503723225771866,158.43075961340534,77.22,"[[4.8,104.5],[18.4,100.9],[18.0,107.5],[8.2,112.3],[4.6,109.0]]"
fig10_downstream_cavity,True,25.655066771406105,109.35679497250578,20.2,104.4,31.2,114.4,11.0,10.0,76.38000000000011,9.861543308573555,13.554061660591866,8.348659888292381,-156.1649393714872,77.22,"[[20.2,104.4],[31.2,107.2],[30.6,114.4],[20.5,111.6]]"
