{
  "units": "mm",
  "span_reference_mm": 77.22,
  "source": "NASA CR-182133 Fig. 10 visual trace, prepared for manual SpaceClaim cavity drawing",
  "cavities": [
    {
      "id": "fig10_upper_le_cavity",
      "source": "NASA CR-182133 Fig. 10 visual trace",
      "profile_xy_mm": [
        [
          5.5,
          120.0
        ],
        [
          15.8,
          121.8
        ],
        [
          16.1,
          126.1
        ],
        [
          6.7,
          125.2
        ],
        [
          5.3,
          122.7
        ]
      ],
      "inside_airfoil": true,
      "centroid_xy_mm": [
        10.657379387109092,
        123.19863995269368
      ],
      "bbox_min_xy_mm": [
        5.3,
        120.0
      ],
      "bbox_max_xy_mm": [
        16.1,
        126.1
      ],
      "bbox_size_xy_mm": [
        10.8,
        6.099999999999994
      ],
      "area_mm2": 47.915000000000305,
      "equivalent_circle_diameter_mm": 7.810715254442816,
      "recommended_span_mm": 77.22,
      "principal_box": {
        "major_length_mm": 11.557596592698992,
        "minor_width_mm": 5.049769785066575,
        "major_axis_angle_deg": -169.1667061552871
      },
      "note": "Use these vertices as a manual SpaceClaim starting point; no cavity body is generated by the main-flow script."
    },
    {
      "id": "fig10_pressure_le_cavity",
      "source": "NASA CR-182133 Fig. 10 visual trace",
      "profile_xy_mm": [
        [
          4.8,
          104.5
        ],
        [
          18.4,
          100.9
        ],
        [
          18.0,
          107.5
        ],
        [
          8.2,
          112.3
        ],
        [
          4.6,
          109.0
        ]
      ],
      "inside_airfoil": true,
      "centroid_xy_mm": [
        11.469940385975544,
        106.44704455895724
      ],
      "bbox_min_xy_mm": [
        4.6,
        100.9
      ],
      "bbox_max_xy_mm": [
        18.4,
        112.3
      ],
      "bbox_size_xy_mm": [
        13.799999999999999,
        11.399999999999991
      ],
      "area_mm2": 98.96999999999994,
      "equivalent_circle_diameter_mm": 11.225529731038932,
      "recommended_span_mm": 77.22,
      "principal_box": {
        "major_length_mm": 15.811406230018552,
        "minor_width_mm": 8.503723225771866,
        "major_axis_angle_deg": 158.43075961340534
      },
      "note": "Use these vertices as a manual SpaceClaim starting point; no cavity body is generated by the main-flow script."
    },
    {
      "id": "fig10_downstream_cavity",
      "source": "NASA CR-182133 Fig. 10 visual trace",
      "profile_xy_mm": [
        [
          20.2,
          104.4
        ],
        [
          31.2,
          107.2
        ],
        [
          30.6,
          114.4
        ],
        [
          20.5,
          111.6
        ]
      ],
      "inside_airfoil": true,
      "centroid_xy_mm": [
        25.655066771406105,
        109.35679497250578
      ],
      "bbox_min_xy_mm": [
        20.2,
        104.4
      ],
      "bbox_max_xy_mm": [
        31.2,
        114.4
      ],
      "bbox_size_xy_mm": [
        11.0,
        10.0
      ],
      "area_mm2": 76.38000000000011,
      "equivalent_circle_diameter_mm": 9.861543308573555,
      "recommended_span_mm": 77.22,
      "principal_box": {
        "major_length_mm": 13.554061660591866,
        "minor_width_mm": 8.348659888292381,
        "major_axis_angle_deg": -156.1649393714872
      },
      "note": "Use these vertices as a manual SpaceClaim starting point; no cavity body is generated by the main-flow script."
    }
  ]
}