{
  "units": "mm",
  "span_mm": 14.85,
  "source": "c3x_baseline.yaml showerhead",
  "holes": [
    {
      "id": "LE1_0",
      "surface": "leading_edge",
      "row": 1,
      "nasa_hole": null,
      "arc_s_mm": -7.92,
      "plenum": "LE_plenum",
      "diameter_mm": 0.99,
      "slant_deg": 45.0,
      "skew_deg": 90.0,
      "surface_point_mm": [
        2.246247267506104,
        104.8261701954206,
        4.455
      ],
      "reaches_plenum": true,
      "z_range_mm": [
        4.244989285987805,
        6.784916844007344
      ],
      "crosses_slice": false,
      "cylinder_mm": {
        "start_mm": [
          2.0741604945063594,
          104.70579311056453,
          4.244989285987805
        ],
        "end_mm": [
          4.155425439338282,
          106.16166681023799,
          6.784916844007344
        ],
        "radius_mm": 0.495,
        "radius_point_mm": [
          2.3578920045102363,
          104.3001806967626,
          4.244989285987805
        ],
        "axis_unit": [
          0.5794167441073005,
          0.40531005002074344,
          0.7071067811863501
        ]
      }
    },
    {
      "id": "LE2_0",
      "surface": "leading_edge",
      "row": 2,
      "nasa_hole": null,
      "arc_s_mm": -3.96,
      "plenum": "LE_plenum",
      "diameter_mm": 0.99,
      "slant_deg": 45.0,
      "skew_deg": 90.0,
      "surface_point_mm": [
        0.509764192939605,
        108.36424286729697,
        8.1675
      ],
      "reaches_plenum": true,
      "z_range_mm": [
        7.957489285987806,
        10.21457413153301
      ],
      "crosses_slice": false,
      "cylinder_mm": {
        "start_mm": [
          0.30815579501654067,
          108.30543339623314,
          7.957489285987806
        ],
        "end_mm": [
          2.474936960573515,
          108.93748670140397,
          10.21457413153301
        ],
        "radius_mm": 0.495,
        "radius_point_mm": [
          0.4467710476405705,
          107.83023784518149,
          7.957489285987806
        ],
        "axis_unit": [
          0.6788161546235784,
          0.19801168708372874,
          0.7071067811863262
        ]
      }
    },
    {
      "id": "LE3_0",
      "surface": "leading_edge",
      "row": 3,
      "nasa_hole": null,
      "arc_s_mm": 0.0,
      "plenum": "LE_plenum",
      "diameter_mm": 0.99,
      "slant_deg": 45.0,
      "skew_deg": 90.0,
      "surface_point_mm": [
        0.046,
        112.278,
        4.455
      ],
      "reaches_plenum": true,
      "z_range_mm": [
        4.244989285987805,
        6.289942097177256
      ],
      "crosses_slice": false,
      "cylinder_mm": {
        "start_mm": [
          -0.16342493896746468,
          112.29367465911545,
          4.244989285987805
        ],
        "end_mm": [
          1.875823961685424,
          112.14104464510241,
          6.289942097177256
        ],
        "radius_mm": 0.495,
        "radius_point_mm": [
          -0.20037046481185025,
          111.80005534413742,
          4.244989285987805
        ],
        "axis_unit": [
          0.7051344746383896,
          -0.05277663001837535,
          0.7071067811863032
        ]
      }
    },
    {
      "id": "LE4_0",
      "surface": "leading_edge",
      "row": 4,
      "nasa_hole": null,
      "arc_s_mm": 3.96,
      "plenum": "LE_plenum",
      "diameter_mm": 0.99,
      "slant_deg": 45.0,
      "skew_deg": 90.0,
      "surface_point_mm": [
        0.9170740986035331,
        116.12146998096428,
        8.1675
      ],
      "reaches_plenum": true,
      "z_range_mm": [
        7.957489285987806,
        9.861020740940088
      ],
      "crosses_slice": false,
      "cylinder_mm": {
        "start_mm": [
          0.7220438830493134,
          116.19936552012274,
          7.957489285987806
        ],
        "end_mm": [
          2.48979250349362,
          115.49332245138683,
          9.861020740940088
        ],
        "radius_mm": 0.495,
        "radius_point_mm": [
          0.5384423365056337,
          115.73967489360739,
          7.957489285987806
        ],
        "axis_unit": [
          0.6566673924388617,
          -0.26227454262123023,
          0.707106781186284
        ]
      }
    },
    {
      "id": "LE5_0",
      "surface": "leading_edge",
      "row": 5,
      "nasa_hole": null,
      "arc_s_mm": 7.92,
      "plenum": "LE_plenum",
      "diameter_mm": 0.99,
      "slant_deg": 45.0,
      "skew_deg": 90.0,
      "surface_point_mm": [
        2.6177606592478866,
        119.69585736141057,
        4.455
      ],
      "reaches_plenum": true,
      "z_range_mm": [
        4.244989285987805,
        6.784916844007345
      ],
      "crosses_slice": false,
      "cylinder_mm": {
        "start_mm": [
          2.4328444936045535,
          119.79540891430494,
          4.244989285987805
        ],
        "end_mm": [
          4.669271655189916,
          118.59140494798659,
          6.784916844007345
        ],
        "radius_mm": 0.495,
        "radius_point_mm": [
          2.1981992331738,
          119.35955733204707,
          4.244989285987805
        ],
        "axis_unit": [
          0.6226133523349044,
          -0.33519041378597514,
          0.7071067811863511
        ]
      }
    }
  ]
}