{
  "case": "C3X_filmcooled_baseline",
  "units": "mm",
  "span_mm": 76.2,
  "pitch_mm": 117.73,
  "x_in": -78.11399999999999,
  "x_out": 156.321,
  "loop_xy_mm": [
    [
      -78.11399999999999,
      112.278
    ],
    [
      -78.11399999999999,
      230.008
    ],
    [
      0.046,
      230.008
    ],
    [
      0.064,
      228.532
    ],
    [
      0.264,
      227.072
    ],
    [
      0.65,
      225.65
    ],
    [
      1.212,
      224.286
    ],
    [
      1.938,
      223.003
    ],
    [
      2.822,
      221.824
    ],
    [
      3.848,
      220.765
    ],
    [
      4.999,
      219.846
    ],
    [
      8.494,
      217.308
    ],
    [
      12.052,
      214.54500000000002
    ],
    [
      15.519,
      211.662
    ],
    [
      18.885,
      208.66500000000002
    ],
    [
      22.149,
      205.55599999999998
    ],
    [
      25.314,
      202.345
    ],
    [
      28.374,
      199.038
    ],
    [
      31.339,
      195.639
    ],
    [
      34.204,
      192.16000000000003
    ],
    [
      36.975,
      188.60399999999998
    ],
    [
      39.654,
      184.97899999999998
    ],
    [
      42.248,
      181.294
    ],
    [
      44.76,
      177.547
    ],
    [
      47.191,
      173.75
    ],
    [
      49.548,
      169.907
    ],
    [
      51.834,
      166.02
    ],
    [
      54.051,
      162.094
    ],
    [
      56.203,
      158.131
    ],
    [
      58.296,
      154.136
    ],
    [
      60.328,
      150.11
    ],
    [
      62.309,
      146.059
    ],
    [
      64.237,
      141.984
    ],
    [
      66.116,
      137.885
    ],
    [
      67.95,
      133.76500000000001
    ],
    [
      69.736,
      129.625
    ],
    [
      71.483,
      125.467
    ],
    [
      73.188,
      121.289
    ],
    [
      74.849,
      117.113
    ],
    [
      75.077,
      116.70400000000001
    ],
    [
      75.408,
      116.37400000000001
    ],
    [
      75.816,
      116.14200000000001
    ],
    [
      76.269,
      116.031
    ],
    [
      76.736,
      116.049
    ],
    [
      77.18,
      116.188
    ],
    [
      77.572,
      116.44200000000001
    ],
    [
      77.879,
      116.795
    ],
    [
      78.082,
      117.214
    ],
    [
      78.161,
      117.677
    ],
    [
      156.321,
      363.7704555519398
    ],
    [
      156.321,
      246.0404555519398
    ],
    [
      78.161,
      -0.053
    ],
    [
      78.115,
      4.115
    ],
    [
      76.624,
      6.391
    ],
    [
      75.024,
      12.357
    ],
    [
      73.335,
      18.301
    ],
    [
      71.575,
      24.221
    ],
    [
      69.756,
      30.122
    ],
    [
      67.894,
      36.015
    ],
    [
      65.997,
      41.897
    ],
    [
      64.074,
      47.767
    ],
    [
      62.126,
      53.632
    ],
    [
      60.16,
      59.487
    ],
    [
      58.171,
      65.336
    ],
    [
      56.157,
      71.176
    ],
    [
      54.11,
      77.003
    ],
    [
      52.019,
      82.814
    ],
    [
      49.87,
      88.605
    ],
    [
      47.648,
      94.369
    ],
    [
      45.326,
      100.094
    ],
    [
      42.885,
      105.766
    ],
    [
      40.272,
      111.364
    ],
    [
      37.376,
      116.817
    ],
    [
      33.985,
      121.976
    ],
    [
      29.835,
      126.538
    ],
    [
      24.707,
      129.939
    ],
    [
      18.743,
      131.376
    ],
    [
      12.723,
      130.233
    ],
    [
      7.658,
      126.764
    ],
    [
      3.894,
      121.89
    ],
    [
      1.097,
      116.548
    ],
    [
      0.569,
      115.171
    ],
    [
      0.216,
      113.741
    ],
    [
      0.046,
      112.278
    ],
    [
      -78.11399999999999,
      112.278
    ]
  ]
}