{
  "objective": 0.682210488894674,
  "constraints": {
    "coolant_mass_ratio": 1.0,
    "loss_ratio": 1.0
  },
  "metrics": {
    "whole_vane_eta_bar": 0.5740716501975982,
    "protected_area_m2": 0.001222129718974981,
    "coolant_actual_kg_s": 0.005320277879945933,
    "delta_total_pressure_Pa": 21268.476887595083,
    "mass_imbalance_kg_s": 1.2844102457727335e-06,
    "continuity_residual": 0.0020177,
    "y_plus_p95": 8.382636070251465,
    "y_plus_max": 11.684555053710938,
    "converged_for_screening": true
  }
}