{
  "available": true,
  "zones": {
    "inlet": {
      "mass_flow_kg_s": 0.2089997529983521,
      "raw": [
        0.2089997529983521,
        0
      ]
    },
    "outlet": {
      "mass_flow_kg_s": -0.2143221646547318,
      "raw": [
        -0.2143221646547318,
        0
      ]
    },
    "qian": {
      "mass_flow_kg_s": 0.00124334660358727,
      "raw": [
        0.00124334660358727,
        0
      ]
    },
    "ss": {
      "mass_flow_kg_s": 0.002611417789012194,
      "raw": [
        0.002611417789012194,
        0
      ]
    },
    "ps": {
      "mass_flow_kg_s": 0.001465511624701321,
      "raw": [
        0.001465511624701321,
        0
      ]
    }
  },
  "errors": [],
  "reference_targets": {
    "total_target_kg_s": 0.0053202756,
    "zones": {
      "qian": {
        "region": "showerhead",
        "target_kg_s": 0.0012433465
      },
      "ss": {
        "region": "suction",
        "target_kg_s": 0.0026114173
      },
      "ps": {
        "region": "pressure",
        "target_kg_s": 0.0014655118
      }
    }
  },
  "constraints": {
    "coolant_actual_kg_s": 0.0053202760173007855,
    "coolant_target_kg_s": 0.0053202756,
    "coolant_mass_flow_ratio": 1.0000000784359337,
    "mass_imbalance_kg_s": -2.1356390789149023e-06,
    "zones": {
      "qian": {
        "actual_kg_s": 0.00124334660358727,
        "target_kg_s": 0.0012433465,
        "actual_over_target": 1.000000083313276
      },
      "ss": {
        "actual_kg_s": 0.002611417789012194,
        "target_kg_s": 0.0026114173,
        "actual_over_target": 1.000000187259307
      },
      "ps": {
        "actual_kg_s": 0.001465511624701321,
        "target_kg_s": 0.0014655118,
        "actual_over_target": 0.9999998803839867
      }
    }
  }
}