{
  "field": "temperature",
  "surfaces": [
    {
      "surface": "vane_wall",
      "count": 54451,
      "min": 466.0862731933594,
      "mean": 644.2333239367447,
      "p95": 700.2821655273438,
      "max": 701.0343017578125
    }
  ],
  "count": 54451,
  "min": 466.0862731933594,
  "mean": 644.2333239367447,
  "p95": 700.2821655273438,
  "max": 701.0343017578125
}