{
  "field": "wall-temperature",
  "surfaces": [
    {
      "surface": "vane_wall",
      "count": 54451,
      "min": 466.0862731933594,
      "mean": 644.2556640066782,
      "p95": 700.29296875,
      "max": 701.0343017578125
    }
  ],
  "count": 54451,
  "min": 466.0862731933594,
  "mean": 644.2556640066782,
  "p95": 700.29296875,
  "max": 701.0343017578125
}