{
  "field": "y-plus",
  "surfaces": [
    {
      "surface": "vane_wall",
      "count": 54451,
      "min": 0.04127747565507889,
      "mean": 4.156650000554585,
      "p95": 8.36186408996582,
      "max": 11.598114967346191
    }
  ],
  "count": 54451,
  "min": 0.04127747565507889,
  "mean": 4.156650000554585,
  "p95": 8.36186408996582,
  "max": 11.598114967346191
}