{
  "field": "temperature",
  "surfaces": [
    {
      "surface": "vane_wall",
      "count": 62574,
      "min": 485.1588134765625,
      "mean": 659.0296945569766,
      "p95": 699.8456420898438,
      "max": 700.9949951171875
    }
  ],
  "count": 62574,
  "min": 485.1588134765625,
  "mean": 659.0296945569766,
  "p95": 699.8456420898438,
  "max": 700.9949951171875
}