{
  "field": "wall-temperature",
  "surfaces": [
    {
      "surface": "vane_wall",
      "count": 62574,
      "min": 485.15887451171875,
      "mean": 659.0372638127511,
      "p95": 699.8501586914062,
      "max": 700.9949340820312
    }
  ],
  "count": 62574,
  "min": 485.15887451171875,
  "mean": 659.0372638127511,
  "p95": 699.8501586914062,
  "max": 700.9949340820312
}