{
  "field": "y-plus",
  "surfaces": [
    {
      "surface": "vane_wall",
      "count": 62574,
      "min": 0.016369342803955078,
      "mean": 1.0228863034024858,
      "p95": 2.396148443222046,
      "max": 3.402674913406372
    }
  ],
  "count": 62574,
  "min": 0.016369342803955078,
  "mean": 1.0228863034024858,
  "p95": 2.396148443222046,
  "max": 3.402674913406372
}