{
  "definition": "eta = (Tg_ref - Taw) / (Tg_ref - Tc_ref)",
  "averaging": "face-area weighted using the magnitude of Fluent face-area vectors",
  "Tg_ref_K": 701.0,
  "Tc_ref_K": 593.6263151083753,
  "face_count": 19496,
  "area_m2": 0.0012246685001813102,
  "Taw_area_weighted_K": 650.8131446263543,
  "eta_bar": 0.4674036792562225,
  "surfaces": [
    {
      "surface": "vane_wall",
      "face_count": 19496,
      "area_m2": 0.0012246685001813102,
      "Taw_area_weighted_K": 650.8131446263543,
      "eta_area_weighted": 0.4674036792562225
    }
  ],
  "sides": [
    {
      "side": "pressure",
      "face_count": 9858,
      "area_m2": 0.000546683427451361,
      "Taw_area_weighted_K": 650.3424713922525,
      "eta_area_weighted": 0.47178718564865674
    },
    {
      "side": "suction",
      "face_count": 9638,
      "area_m2": 0.0006779850727299463,
      "Taw_area_weighted_K": 651.19266516033,
      "eta_area_weighted": 0.463869102470894
    }
  ],
  "region": "fixed downstream controllable area",
  "mask": {
    "pressure": "X/Cax >= 0.26530",
    "suction": "X/Cax >= 0.37638"
  },
  "fixed_across_designs": true,
  "note": "Thresholds are frozen at baseline first-variable-row axial stations."
}