{
  "field": "temperature",
  "surfaces": [
    {
      "surface": "vane_wall",
      "count": 50797,
      "min": 473.3489990234375,
      "mean": 647.4080955231568,
      "p95": 700.3170776367188,
      "max": 701.0151977539062
    }
  ],
  "count": 50797,
  "min": 473.3489990234375,
  "mean": 647.4080955231568,
  "p95": 700.3170776367188,
  "max": 701.0151977539062
}