{
  "field": "y-plus",
  "surfaces": [
    {
      "surface": "vane_wall",
      "count": 50797,
      "min": 0.07687264680862427,
      "mean": 4.325610692116208,
      "p95": 8.507634162902832,
      "max": 12.31525993347168
    }
  ],
  "count": 50797,
  "min": 0.07687264680862427,
  "mean": 4.325610692116208,
  "p95": 8.507634162902832,
  "max": 12.31525993347168
}