{
  "definition": "eta = (Tg_ref - Taw) / (Tg_ref - Tc_ref)",
  "averaging": "face-area weighted using the magnitude of Fluent face-area vectors",
  "Tg_ref_K": 701.0,
  "Tc_ref_K": 593.6263151083753,
  "face_count": 17654,
  "area_m2": 0.0012240674881181066,
  "Taw_area_weighted_K": 629.2085684689857,
  "eta_bar": 0.6686129064442368,
  "surfaces": [
    {
      "surface": "vane_wall",
      "face_count": 17654,
      "area_m2": 0.0012240674881181066,
      "Taw_area_weighted_K": 629.2085684689857,
      "eta_area_weighted": 0.6686129064442368
    }
  ],
  "sides": [
    {
      "side": "pressure",
      "face_count": 8552,
      "area_m2": 0.0005476800144136553,
      "Taw_area_weighted_K": 648.666604928664,
      "eta_area_weighted": 0.48739498066172715
    },
    {
      "side": "suction",
      "face_count": 9102,
      "area_m2": 0.0006763874737044604,
      "Taw_area_weighted_K": 613.4531352254659,
      "eta_area_weighted": 0.8153474928507429
    }
  ],
  "region": "fixed downstream controllable area",
  "mask": {
    "pressure": "X/Cax >= 0.26530",
    "suction": "X/Cax >= 0.37638"
  },
  "fixed_across_designs": true,
  "note": "Thresholds are frozen at baseline first-variable-row axial stations."
}