{
  "field": "wall-temperature",
  "surfaces": [
    {
      "surface": "vane_wall",
      "count": 50797,
      "min": 473.3489990234375,
      "mean": 647.4308870191904,
      "p95": 700.322998046875,
      "max": 701.0152587890625
    }
  ],
  "count": 50797,
  "min": 473.3489990234375,
  "mean": 647.4308870191904,
  "p95": 700.322998046875,
  "max": 701.0152587890625
}