{
  "field": "temperature",
  "surfaces": [
    {
      "surface": "vane_wall",
      "count": 60307,
      "min": 481.61944580078125,
      "mean": 646.7117443128678,
      "p95": 700.3168334960938,
      "max": 702.2382202148438
    }
  ],
  "count": 60307,
  "min": 481.61944580078125,
  "mean": 646.7117443128678,
  "p95": 700.3168334960938,
  "max": 702.2382202148438
}