{
  "field": "y-plus",
  "surfaces": [
    {
      "surface": "vane_wall",
      "count": 60307,
      "min": 0.020798230543732643,
      "mean": 1.11247842417356,
      "p95": 2.4076292514801025,
      "max": 3.4386801719665527
    }
  ],
  "count": 60307,
  "min": 0.020798230543732643,
  "mean": 1.11247842417356,
  "p95": 2.4076292514801025,
  "max": 3.4386801719665527
}