{
  "SS1_s": 0.24620539634350652,
  "SS2_s": 0.2703502742861238,
  "PS1_s": 0.21679966708671333,
  "PS2_s": 0.23530846720552775,
  "suction_angle_deg": 44.444587361899494,
  "pressure_angle_deg": 22.33539432747098,
  "diameter_mm": 0.8925388220760736,
  "span_count": 4
}