{
  "field": "temperature",
  "surfaces": [
    {
      "surface": "vane_wall",
      "count": 62574,
      "min": 483.8052062988281,
      "mean": 651.2422341200947,
      "p95": 700.288330078125,
      "max": 703.361083984375
    }
  ],
  "count": 62574,
  "min": 483.8052062988281,
  "mean": 651.2422341200947,
  "p95": 700.288330078125,
  "max": 703.361083984375
}