{
  "field": "wall-temperature",
  "surfaces": [
    {
      "surface": "vane_wall",
      "count": 62574,
      "min": 483.8052673339844,
      "mean": 651.2633482518222,
      "p95": 700.2913818359375,
      "max": 705.584716796875
    }
  ],
  "count": 62574,
  "min": 483.8052673339844,
  "mean": 651.2633482518222,
  "p95": 700.2913818359375,
  "max": 705.584716796875
}