{
  "definition": "eta = (Tg_ref - Taw) / (Tg_ref - Tc_ref)",
  "averaging": "face-area weighted using the magnitude of Fluent face-area vectors",
  "Tg_ref_K": 701.0,
  "Tc_ref_K": 593.6263151083753,
  "face_count": 19496,
  "area_m2": 0.0012246685001813102,
  "Taw_area_weighted_K": 634.8395045277568,
  "eta_bar": 0.6161704847796003,
  "surfaces": [
    {
      "surface": "vane_wall",
      "face_count": 19496,
      "area_m2": 0.0012246685001813102,
      "Taw_area_weighted_K": 634.8395045277568,
      "eta_area_weighted": 0.6161704847796003
    }
  ],
  "sides": [
    {
      "side": "pressure",
      "face_count": 9858,
      "area_m2": 0.000546683427451361,
      "Taw_area_weighted_K": 648.2084522551634,
      "eta_area_weighted": 0.49166187970651615
    },
    {
      "side": "suction",
      "face_count": 9638,
      "area_m2": 0.0006779850727299463,
      "Taw_area_weighted_K": 624.059647479264,
      "eta_area_weighted": 0.7165661921577365
    }
  ],
  "region": "fixed downstream controllable area",
  "mask": {
    "pressure": "X/Cax >= 0.26530",
    "suction": "X/Cax >= 0.37638"
  },
  "fixed_across_designs": true,
  "note": "Thresholds are frozen at baseline first-variable-row axial stations."
}