{
  "field": "y-plus",
  "surfaces": [
    {
      "surface": "vane_wall",
      "count": 62574,
      "min": 0.013338985852897167,
      "mean": 1.0552746760448466,
      "p95": 2.4084341526031494,
      "max": 3.396451234817505
    }
  ],
  "count": 62574,
  "min": 0.013338985852897167,
  "mean": 1.0552746760448466,
  "p95": 2.4084341526031494,
  "max": 3.396451234817505
}