{
  "field": "wall-temperature",
  "surfaces": [
    {
      "surface": "vane_wall",
      "count": 61780,
      "min": 533.6982421875,
      "mean": 667.5702352605927,
      "p95": 692.4134521484375,
      "max": 700.259033203125
    }
  ],
  "count": 61780,
  "min": 533.6982421875,
  "mean": 667.5702352605927,
  "p95": 692.4134521484375,
  "max": 700.259033203125
}