{
  "field": "y-plus",
  "surfaces": [
    {
      "surface": "vane_wall",
      "count": 61780,
      "min": 0.017237817868590355,
      "mean": 0.9289483846726928,
      "p95": 2.236602783203125,
      "max": 3.3196377754211426
    }
  ],
  "count": 61780,
  "min": 0.017237817868590355,
  "mean": 0.9289483846726928,
  "p95": 2.236602783203125,
  "max": 3.3196377754211426
}