{
  "field": "temperature",
  "surfaces": [
    {
      "surface": "vane_wall",
      "count": 61780,
      "min": 489.3698425292969,
      "mean": 662.2835163688227,
      "p95": 698.9682006835938,
      "max": 700.8756713867188
    }
  ],
  "count": 61780,
  "min": 489.3698425292969,
  "mean": 662.2835163688227,
  "p95": 698.9682006835938,
  "max": 700.8756713867188
}