{
  "field": "wall-temperature",
  "surfaces": [
    {
      "surface": "vane_wall",
      "count": 61780,
      "min": 489.3698425292969,
      "mean": 662.2912738729658,
      "p95": 698.9745483398438,
      "max": 700.8756713867188
    }
  ],
  "count": 61780,
  "min": 489.3698425292969,
  "mean": 662.2912738729658,
  "p95": 698.9745483398438,
  "max": 700.8756713867188
}