{
  "definition": "eta = (Tg_ref - Taw) / (Tg_ref - Tc_ref)",
  "averaging": "face-area weighted using the magnitude of Fluent face-area vectors",
  "Tg_ref_K": 701.0,
  "Tc_ref_K": 593.6263151083753,
  "face_count": 30877,
  "area_m2": 0.0015793395537671343,
  "Taw_area_weighted_K": 662.0342955414766,
  "eta_bar": 0.3628980834349375,
  "surfaces": [
    {
      "surface": "vane_wall",
      "face_count": 30877,
      "area_m2": 0.0015793395537671343,
      "Taw_area_weighted_K": 662.0342955414766,
      "eta_area_weighted": 0.3628980834349375
    }
  ],
  "sides": [
    {
      "side": "pressure",
      "face_count": 15855,
      "area_m2": 0.0007014915800789827,
      "Taw_area_weighted_K": 661.3745014886106,
      "eta_area_weighted": 0.36904292286688967
    },
    {
      "side": "suction",
      "face_count": 15022,
      "area_m2": 0.0008778479736881398,
      "Taw_area_weighted_K": 662.561539422598,
      "eta_area_weighted": 0.35798771939509666
    }
  ],
  "lateral_profiles": {
    "pressure_X_over_Cax_0p31": {
      "rows": 61,
      "path": "eta_lateral_ps_xcax_0p31.csv",
      "tolerance": 0.01
    },
    "suction_X_over_Cax_0p48": {
      "rows": 61,
      "path": "eta_lateral_ss_xcax_0p48.csv",
      "tolerance": 0.01
    }
  }
}