{
  "field": "y-plus",
  "surfaces": [
    {
      "surface": "vane_wall",
      "count": 61780,
      "min": 0.01489372830837965,
      "mean": 0.9932720555566003,
      "p95": 2.3610334396362305,
      "max": 3.436229944229126
    }
  ],
  "count": 61780,
  "min": 0.01489372830837965,
  "mean": 0.9932720555566003,
  "p95": 2.3610334396362305,
  "max": 3.436229944229126
}